prog	min_sum_frags	TP	FP	FN	TPR	PPV	F1
STAR-Fusion	2	611	176	72	0.89	0.78	0.831
STAR-Fusion	3	561	61	122	0.82	0.9	0.858
STAR-Fusion	4	512	27	171	0.75	0.95	0.838
STAR-Fusion	5	458	12	225	0.67	0.97	0.793
STAR-Fusion	6	413	11	270	0.60	0.97	0.741
STAR-Fusion	7	381	8	302	0.56	0.98	0.713
STAR-Fusion	8	345	5	338	0.51	0.99	0.673
STAR-Fusion	9	305	4	378	0.45	0.99	0.619
STAR-Fusion	10	281	3	402	0.41	0.99	0.580
STAR-Fusion	11	258	2	425	0.38	0.99	0.549
STAR-Fusion	12	232	1	451	0.34	1	0.507
STAR-Fusion	13	221	1	462	0.32	1	0.485
STAR-Fusion	14	209	1	474	0.31	1	0.473
STAR-Fusion	15	196	1	487	0.29	0.99	0.449
STAR-Fusion	16	185	1	498	0.27	0.99	0.424
STAR-Fusion	17	173	0	510	0.25	1	0.400
STAR-Fusion	18	165	0	518	0.24	1	0.387
STAR-Fusion	19	155	0	528	0.23	1	0.374
STAR-Fusion	20	148	0	535	0.22	1	0.361
STAR-Fusion	21	143	0	540	0.21	1	0.347
STAR-Fusion	22	139	0	544	0.20	1	0.333
STAR-Fusion	23	132	0	551	0.19	1	0.319
STAR-Fusion	24	130	0	553	0.19	1	0.319
STAR-Fusion	25	126	0	557	0.18	1	0.305
STAR-Fusion	26	125	0	558	0.18	1	0.305
STAR-Fusion	27	119	0	564	0.17	1	0.291
STAR-Fusion	28	116	0	567	0.17	1	0.291
STAR-Fusion	29	113	0	570	0.17	1	0.291
STAR-Fusion	30	111	0	572	0.16	1	0.276
STAR-Fusion	31	106	0	577	0.16	1	0.276
STAR-Fusion	32	105	0	578	0.15	1	0.261
STAR-Fusion	33	102	0	581	0.15	1	0.261
STAR-Fusion	34	98	0	585	0.14	1	0.246
STAR-Fusion	35	95	0	588	0.14	1	0.246
STAR-Fusion	36	93	0	590	0.14	1	0.246
STAR-Fusion	37	90	0	593	0.13	1	0.230
STAR-Fusion	38	87	0	596	0.13	1	0.230
STAR-Fusion	39	84	0	599	0.12	1	0.214
STAR-Fusion	40	80	0	603	0.12	1	0.214
STAR-Fusion	41	78	0	605	0.11	1	0.198
STAR-Fusion	42	76	0	607	0.11	1	0.198
STAR-Fusion	43	75	0	608	0.11	1	0.198
STAR-Fusion	45	74	0	609	0.11	1	0.198
STAR-Fusion	46	70	0	613	0.10	1	0.182
STAR-Fusion	47	69	0	614	0.10	1	0.182
STAR-Fusion	49	64	0	619	0.09	1	0.165
STAR-Fusion	50	62	0	621	0.09	1	0.165
STAR-Fusion	51	61	0	622	0.09	1	0.165
STAR-Fusion	52	59	0	624	0.09	1	0.165
STAR-Fusion	53	57	0	626	0.08	1	0.148
STAR-Fusion	55	56	0	627	0.08	1	0.148
STAR-Fusion	57	53	0	630	0.08	1	0.148
STAR-Fusion	59	52	0	631	0.08	1	0.148
STAR-Fusion	61	49	0	634	0.07	1	0.131
STAR-Fusion	62	48	0	635	0.07	1	0.131
STAR-Fusion	64	46	0	637	0.07	1	0.131
STAR-Fusion	66	45	0	638	0.07	1	0.131
STAR-Fusion	67	44	0	639	0.06	1	0.113
STAR-Fusion	68	42	0	641	0.06	1	0.113
STAR-Fusion	69	38	0	645	0.06	1	0.113
STAR-Fusion	70	37	0	646	0.05	1	0.095
STAR-Fusion	74	36	0	647	0.05	1	0.095
STAR-Fusion	75	35	0	648	0.05	1	0.095
STAR-Fusion	76	34	0	649	0.05	1	0.095
STAR-Fusion	77	33	0	650	0.05	1	0.095
STAR-Fusion	78	31	0	652	0.05	1	0.095
STAR-Fusion	80	30	0	653	0.04	1	0.077
STAR-Fusion	86	29	0	654	0.04	1	0.077
STAR-Fusion	87	27	0	656	0.04	1	0.077
STAR-Fusion	91	26	0	657	0.04	1	0.077
STAR-Fusion	98	25	0	658	0.04	1	0.077
STAR-Fusion	105	24	0	659	0.04	1	0.077
STAR-Fusion	107	23	0	660	0.03	1	0.058
STAR-Fusion	110	22	0	661	0.03	1	0.058
STAR-Fusion	111	21	0	662	0.03	1	0.058
STAR-Fusion	127	20	0	663	0.03	1	0.058
STAR-Fusion	131	19	0	664	0.03	1	0.058
STAR-Fusion	141	18	0	665	0.03	1	0.058
STAR-Fusion	154	17	0	666	0.02	1	0.039
STAR-Fusion	156	16	0	667	0.02	1	0.039
STAR-Fusion	172	15	0	668	0.02	1	0.039
STAR-Fusion	180	14	0	669	0.02	1	0.039
STAR-Fusion	182	13	0	670	0.02	1	0.039
STAR-Fusion	185	12	0	671	0.02	1	0.039
STAR-Fusion	195	10	0	673	0.01	1	0.020
STAR-Fusion	244	9	0	674	0.01	1	0.020
STAR-Fusion	298	8	0	675	0.01	1	0.020
STAR-Fusion	313	7	0	676	0.01	1	0.020
STAR-Fusion	551	6	0	677	0.01	1	0.020
STAR-Fusion	809	5	0	678	0.01	1	0.020
STAR-Fusion	1372	4	0	679	0.01	1	0.020
STAR-Fusion	1567	3	0	680	0.00	1	0.000
STAR-Fusion	1628	2	0	681	0.00	1	0.000
JAFFA-Assembly	1	349	307	334	0.51	0.53	0.520
JAFFA-Assembly	2	341	269	342	0.50	0.56	0.528
JAFFA-Assembly	3	333	254	350	0.49	0.57	0.527
JAFFA-Assembly	4	321	243	362	0.47	0.57	0.515
JAFFA-Assembly	5	309	228	374	0.45	0.58	0.507
JAFFA-Assembly	6	293	208	390	0.43	0.58	0.494
JAFFA-Assembly	7	282	185	401	0.41	0.6	0.487
JAFFA-Assembly	8	266	167	417	0.39	0.61	0.476
JAFFA-Assembly	9	251	153	432	0.37	0.62	0.463
JAFFA-Assembly	10	237	143	446	0.35	0.62	0.447
JAFFA-Assembly	11	219	134	464	0.32	0.62	0.422
JAFFA-Assembly	12	210	126	473	0.31	0.62	0.413
JAFFA-Assembly	13	199	118	484	0.29	0.63	0.397
JAFFA-Assembly	14	184	110	499	0.27	0.63	0.378
JAFFA-Assembly	15	174	106	509	0.25	0.62	0.356
JAFFA-Assembly	16	166	104	517	0.24	0.61	0.344
JAFFA-Assembly	17	153	95	530	0.22	0.62	0.325
JAFFA-Assembly	18	149	89	534	0.22	0.63	0.326
JAFFA-Assembly	19	140	85	543	0.20	0.62	0.302
JAFFA-Assembly	20	132	82	551	0.19	0.62	0.291
JAFFA-Assembly	21	128	76	555	0.19	0.63	0.292
JAFFA-Assembly	22	124	74	559	0.18	0.63	0.280
JAFFA-Assembly	23	121	73	562	0.18	0.62	0.279
JAFFA-Assembly	24	118	68	565	0.17	0.63	0.268
JAFFA-Assembly	25	113	66	570	0.17	0.63	0.268
JAFFA-Assembly	26	110	64	573	0.16	0.63	0.255
JAFFA-Assembly	27	107	59	576	0.16	0.64	0.256
JAFFA-Assembly	28	102	58	581	0.15	0.64	0.243
JAFFA-Assembly	29	100	56	583	0.15	0.64	0.243
JAFFA-Assembly	30	97	50	586	0.14	0.66	0.231
JAFFA-Assembly	31	93	49	590	0.14	0.65	0.230
JAFFA-Assembly	32	89	49	594	0.13	0.64	0.216
JAFFA-Assembly	33	89	46	594	0.13	0.66	0.217
JAFFA-Assembly	34	87	44	596	0.13	0.66	0.217
JAFFA-Assembly	35	85	43	598	0.12	0.66	0.203
JAFFA-Assembly	36	83	39	600	0.12	0.68	0.204
JAFFA-Assembly	37	82	39	601	0.12	0.68	0.204
JAFFA-Assembly	38	79	37	604	0.12	0.68	0.204
JAFFA-Assembly	39	78	35	605	0.11	0.69	0.190
JAFFA-Assembly	40	77	34	606	0.11	0.69	0.190
JAFFA-Assembly	41	74	32	609	0.11	0.7	0.190
JAFFA-Assembly	42	72	31	611	0.11	0.7	0.190
JAFFA-Assembly	43	71	31	612	0.10	0.7	0.175
JAFFA-Assembly	44	68	31	615	0.10	0.69	0.175
JAFFA-Assembly	47	65	30	618	0.10	0.68	0.174
JAFFA-Assembly	48	65	29	618	0.10	0.69	0.175
JAFFA-Assembly	49	62	28	621	0.09	0.69	0.159
JAFFA-Assembly	50	59	27	624	0.09	0.69	0.159
JAFFA-Assembly	52	58	27	625	0.08	0.68	0.143
JAFFA-Assembly	53	56	27	627	0.08	0.67	0.143
JAFFA-Assembly	55	55	26	628	0.08	0.68	0.143
JAFFA-Assembly	56	52	26	631	0.08	0.67	0.143
JAFFA-Assembly	58	50	26	633	0.07	0.66	0.127
JAFFA-Assembly	60	49	26	634	0.07	0.65	0.126
JAFFA-Assembly	61	47	26	636	0.07	0.64	0.126
JAFFA-Assembly	62	45	26	638	0.07	0.63	0.126
JAFFA-Assembly	63	45	24	638	0.07	0.65	0.126
JAFFA-Assembly	66	42	24	641	0.06	0.64	0.110
JAFFA-Assembly	67	42	22	641	0.06	0.66	0.110
JAFFA-Assembly	68	40	22	643	0.06	0.65	0.110
JAFFA-Assembly	69	38	21	645	0.06	0.64	0.110
JAFFA-Assembly	73	36	21	647	0.05	0.63	0.093
JAFFA-Assembly	76	35	21	648	0.05	0.62	0.093
JAFFA-Assembly	78	34	21	649	0.05	0.62	0.093
JAFFA-Assembly	79	33	20	650	0.05	0.62	0.093
JAFFA-Assembly	80	33	19	650	0.05	0.63	0.093
JAFFA-Assembly	81	33	18	650	0.05	0.65	0.093
JAFFA-Assembly	84	33	17	650	0.05	0.66	0.093
JAFFA-Assembly	86	32	17	651	0.05	0.65	0.093
JAFFA-Assembly	87	31	17	652	0.05	0.65	0.093
JAFFA-Assembly	88	30	17	653	0.04	0.64	0.075
JAFFA-Assembly	89	28	16	655	0.04	0.64	0.075
JAFFA-Assembly	91	27	15	656	0.04	0.64	0.075
JAFFA-Assembly	92	26	14	657	0.04	0.65	0.075
JAFFA-Assembly	93	25	14	658	0.04	0.64	0.075
JAFFA-Assembly	103	24	14	659	0.04	0.63	0.075
JAFFA-Assembly	104	23	14	660	0.03	0.62	0.057
JAFFA-Assembly	108	22	14	661	0.03	0.61	0.057
JAFFA-Assembly	111	21	14	662	0.03	0.6	0.057
JAFFA-Assembly	118	20	13	663	0.03	0.61	0.057
JAFFA-Assembly	119	18	13	665	0.03	0.58	0.057
JAFFA-Assembly	123	16	13	667	0.02	0.55	0.039
JAFFA-Assembly	135	15	13	668	0.02	0.54	0.039
JAFFA-Assembly	137	15	12	668	0.02	0.56	0.039
JAFFA-Assembly	139	14	12	669	0.02	0.54	0.039
JAFFA-Assembly	141	14	11	669	0.02	0.56	0.039
JAFFA-Assembly	146	13	11	670	0.02	0.54	0.039
JAFFA-Assembly	147	12	11	671	0.02	0.52	0.039
JAFFA-Assembly	149	12	10	671	0.02	0.55	0.039
JAFFA-Assembly	151	11	10	672	0.02	0.52	0.039
JAFFA-Assembly	165	11	9	672	0.02	0.55	0.039
JAFFA-Assembly	178	10	9	673	0.01	0.53	0.020
JAFFA-Assembly	188	9	8	674	0.01	0.53	0.020
JAFFA-Assembly	195	7	8	676	0.01	0.47	0.020
JAFFA-Assembly	205	6	8	677	0.01	0.43	0.020
JAFFA-Assembly	207	5	8	678	0.01	0.38	0.019
JAFFA-Assembly	239	4	8	679	0.01	0.33	0.019
JAFFA-Assembly	265	4	7	679	0.01	0.36	0.019
JAFFA-Assembly	273	4	6	679	0.01	0.4	0.020
JAFFA-Assembly	354	4	5	679	0.01	0.44	0.020
JAFFA-Assembly	539	3	5	680	0.00	0.38	0.000
JAFFA-Assembly	564	2	5	681	0.00	0.29	0.000
JAFFA-Assembly	585	2	4	681	0.00	0.33	0.000
JAFFA-Assembly	628	2	3	681	0.00	0.4	0.000
JAFFA-Assembly	633	2	2	681	0.00	0.5	0.000
JAFFA-Assembly	976	2	1	681	0.00	0.67	0.000
JAFFA-Assembly	1133	2	0	681	0.00	1	0.000
ChimeraScan	2	576	7729	107	0.84	0.07	0.129
ChimeraScan	3	477	3444	206	0.70	0.12	0.205
ChimeraScan	4	389	2027	294	0.57	0.16	0.250
ChimeraScan	5	320	1363	363	0.47	0.19	0.271
ChimeraScan	6	279	999	404	0.41	0.22	0.286
ChimeraScan	7	247	790	436	0.36	0.24	0.288
ChimeraScan	8	216	635	467	0.32	0.25	0.281
ChimeraScan	9	183	512	500	0.27	0.26	0.265
ChimeraScan	10	163	438	520	0.24	0.27	0.254
ChimeraScan	11	148	386	535	0.22	0.28	0.246
ChimeraScan	12	137	329	546	0.20	0.29	0.237
ChimeraScan	13	128	287	555	0.19	0.31	0.236
ChimeraScan	14	113	260	570	0.17	0.3	0.217
ChimeraScan	15	108	224	575	0.16	0.33	0.216
ChimeraScan	16	107	202	576	0.16	0.35	0.220
ChimeraScan	17	102	176	581	0.15	0.37	0.213
ChimeraScan	18	101	167	582	0.15	0.38	0.215
ChimeraScan	19	98	156	585	0.14	0.39	0.206
ChimeraScan	20	97	143	586	0.14	0.4	0.207
ChimeraScan	21	88	133	595	0.13	0.4	0.196
ChimeraScan	22	85	116	598	0.12	0.42	0.187
ChimeraScan	23	81	105	602	0.12	0.44	0.189
ChimeraScan	24	79	102	604	0.12	0.44	0.189
ChimeraScan	25	78	100	605	0.11	0.44	0.176
ChimeraScan	26	77	95	606	0.11	0.45	0.177
ChimeraScan	27	73	91	610	0.11	0.45	0.177
ChimeraScan	28	71	87	612	0.10	0.45	0.164
ChimeraScan	29	69	83	614	0.10	0.45	0.164
ChimeraScan	30	65	80	618	0.10	0.45	0.164
ChimeraScan	31	62	77	621	0.09	0.45	0.150
ChimeraScan	32	60	74	623	0.09	0.45	0.150
ChimeraScan	33	58	69	625	0.08	0.46	0.136
ChimeraScan	34	54	62	629	0.08	0.47	0.137
ChimeraScan	35	52	61	631	0.08	0.46	0.136
ChimeraScan	36	52	60	631	0.08	0.46	0.136
ChimeraScan	37	49	57	634	0.07	0.46	0.122
ChimeraScan	38	46	57	637	0.07	0.45	0.121
ChimeraScan	39	43	56	640	0.06	0.43	0.105
ChimeraScan	40	42	54	641	0.06	0.44	0.106
ChimeraScan	41	41	52	642	0.06	0.44	0.106
ChimeraScan	42	41	50	642	0.06	0.45	0.106
ChimeraScan	43	38	49	645	0.06	0.44	0.106
ChimeraScan	44	37	47	646	0.05	0.44	0.090
ChimeraScan	45	36	47	647	0.05	0.43	0.090
ChimeraScan	47	36	46	647	0.05	0.44	0.090
ChimeraScan	48	35	46	648	0.05	0.43	0.090
ChimeraScan	49	35	44	648	0.05	0.44	0.090
ChimeraScan	50	35	43	648	0.05	0.45	0.090
ChimeraScan	51	35	42	648	0.05	0.45	0.090
ChimeraScan	52	33	39	650	0.05	0.46	0.090
ChimeraScan	53	33	38	650	0.05	0.46	0.090
ChimeraScan	54	31	38	652	0.05	0.45	0.090
ChimeraScan	57	29	37	654	0.04	0.44	0.073
ChimeraScan	58	29	36	654	0.04	0.45	0.073
ChimeraScan	59	28	36	655	0.04	0.44	0.073
ChimeraScan	60	28	35	655	0.04	0.44	0.073
ChimeraScan	61	28	34	655	0.04	0.45	0.073
ChimeraScan	65	27	34	656	0.04	0.44	0.073
ChimeraScan	67	26	34	657	0.04	0.43	0.073
ChimeraScan	69	26	33	657	0.04	0.44	0.073
ChimeraScan	71	26	32	657	0.04	0.45	0.073
ChimeraScan	72	26	31	657	0.04	0.46	0.074
ChimeraScan	73	24	31	659	0.04	0.44	0.073
ChimeraScan	75	23	31	660	0.03	0.43	0.056
ChimeraScan	76	23	30	660	0.03	0.43	0.056
ChimeraScan	82	23	29	660	0.03	0.44	0.056
ChimeraScan	83	23	27	660	0.03	0.46	0.056
ChimeraScan	84	23	26	660	0.03	0.47	0.056
ChimeraScan	87	22	24	661	0.03	0.48	0.056
ChimeraScan	89	22	23	661	0.03	0.49	0.057
ChimeraScan	91	22	22	661	0.03	0.5	0.057
ChimeraScan	96	21	22	662	0.03	0.49	0.057
ChimeraScan	103	21	21	662	0.03	0.5	0.057
ChimeraScan	116	20	21	663	0.03	0.49	0.057
ChimeraScan	117	20	20	663	0.03	0.5	0.057
ChimeraScan	119	20	19	663	0.03	0.51	0.057
ChimeraScan	124	20	18	663	0.03	0.53	0.057
ChimeraScan	129	18	17	665	0.03	0.51	0.057
ChimeraScan	132	17	17	666	0.02	0.5	0.038
ChimeraScan	137	16	17	667	0.02	0.48	0.038
ChimeraScan	138	16	16	667	0.02	0.5	0.038
ChimeraScan	139	15	16	668	0.02	0.48	0.038
ChimeraScan	146	14	16	669	0.02	0.47	0.038
ChimeraScan	155	14	15	669	0.02	0.48	0.038
ChimeraScan	183	13	15	670	0.02	0.46	0.038
ChimeraScan	197	12	15	671	0.02	0.44	0.038
ChimeraScan	205	11	15	672	0.02	0.42	0.038
ChimeraScan	218	10	15	673	0.01	0.4	0.020
ChimeraScan	225	9	15	674	0.01	0.38	0.019
ChimeraScan	230	8	15	675	0.01	0.35	0.019
ChimeraScan	231	8	14	675	0.01	0.36	0.019
ChimeraScan	238	8	13	675	0.01	0.38	0.019
ChimeraScan	253	8	12	675	0.01	0.4	0.020
ChimeraScan	284	8	11	675	0.01	0.42	0.020
ChimeraScan	305	7	11	676	0.01	0.39	0.019
ChimeraScan	321	6	11	677	0.01	0.35	0.019
ChimeraScan	333	6	10	677	0.01	0.38	0.019
ChimeraScan	990	6	9	677	0.01	0.4	0.020
ChimeraScan	1389	4	9	679	0.01	0.31	0.019
ChimeraScan	1423	3	9	680	0.00	0.25	0.000
ChimeraScan	1490	3	8	680	0.00	0.27	0.000
ChimeraScan	1894	2	8	681	0.00	0.2	0.000
ChimeraScan	1919	2	7	681	0.00	0.22	0.000
ChimeraScan	2238	1	7	682	0.00	0.12	0.000
ChimeraScan	2549	1	6	682	0.00	0.14	0.000
ChimeraScan	2624	1	5	682	0.00	0.17	0.000
ChimeraScan	2728	1	4	682	0.00	0.2	0.000
ChimeraScan	5562	1	3	682	0.00	0.25	0.000
ChimeraScan	7282	0	3	683	0.00	0	NA
FusionHunter	3	77	15	606	0.11	0.84	0.195
FusionHunter	4	76	13	607	0.11	0.85	0.195
FusionHunter	5	74	13	609	0.11	0.85	0.195
FusionHunter	6	72	12	611	0.11	0.86	0.195
FusionHunter	7	69	12	614	0.10	0.85	0.179
FusionHunter	8	67	12	616	0.10	0.85	0.179
FusionHunter	9	64	12	619	0.09	0.84	0.163
FusionHunter	10	63	9	620	0.09	0.88	0.163
FusionHunter	11	61	5	622	0.09	0.92	0.164
FusionHunter	12	59	3	624	0.09	0.95	0.164
FusionHunter	13	54	3	629	0.08	0.95	0.148
FusionHunter	15	49	3	634	0.07	0.94	0.130
FusionHunter	16	48	2	635	0.07	0.96	0.130
FusionHunter	18	45	2	638	0.07	0.96	0.130
FusionHunter	20	44	2	639	0.06	0.96	0.113
FusionHunter	21	43	2	640	0.06	0.96	0.113
FusionHunter	23	41	2	642	0.06	0.95	0.113
FusionHunter	24	40	2	643	0.06	0.95	0.113
FusionHunter	26	36	1	647	0.05	0.97	0.095
FusionHunter	27	35	1	648	0.05	0.97	0.095
FusionHunter	28	31	1	652	0.05	0.97	0.095
FusionHunter	29	30	1	653	0.04	0.97	0.077
FusionHunter	30	28	1	655	0.04	0.97	0.077
FusionHunter	32	27	1	656	0.04	0.96	0.077
FusionHunter	33	25	1	658	0.04	0.96	0.077
FusionHunter	39	23	0	660	0.03	1	0.058
FusionHunter	40	21	0	662	0.03	1	0.058
FusionHunter	41	20	0	663	0.03	1	0.058
FusionHunter	42	19	0	664	0.03	1	0.058
FusionHunter	43	18	0	665	0.03	1	0.058
FusionHunter	44	16	0	667	0.02	1	0.039
FusionHunter	50	14	0	669	0.02	1	0.039
FusionHunter	53	13	0	670	0.02	1	0.039
FusionHunter	58	11	0	672	0.02	1	0.039
FusionHunter	60	10	0	673	0.01	1	0.020
FusionHunter	83	9	0	674	0.01	1	0.020
FusionHunter	89	8	0	675	0.01	1	0.020
FusionHunter	106	7	0	676	0.01	1	0.020
FusionHunter	107	6	0	677	0.01	1	0.020
FusionHunter	115	5	0	678	0.01	1	0.020
FusionHunter	142	4	0	679	0.01	1	0.020
FusionHunter	156	3	0	680	0.00	1	0.000
FusionHunter	210	2	0	681	0.00	1	0.000
InFusion	4	398	477	285	0.58	0.45	0.507
InFusion	5	381	349	302	0.56	0.52	0.539
InFusion	6	353	287	330	0.52	0.55	0.535
InFusion	7	330	234	353	0.48	0.59	0.529
InFusion	8	303	195	380	0.44	0.61	0.511
InFusion	9	279	166	404	0.41	0.63	0.497
InFusion	10	257	132	426	0.38	0.66	0.482
InFusion	11	241	116	442	0.35	0.68	0.462
InFusion	12	230	100	453	0.34	0.7	0.458
InFusion	13	209	88	474	0.31	0.7	0.430
InFusion	14	190	76	493	0.28	0.71	0.402
InFusion	15	183	71	500	0.27	0.72	0.393
InFusion	16	177	66	506	0.26	0.73	0.383
InFusion	17	163	60	520	0.24	0.73	0.361
InFusion	18	154	54	529	0.23	0.74	0.351
InFusion	19	144	52	539	0.21	0.73	0.326
InFusion	20	136	48	547	0.20	0.74	0.315
InFusion	21	135	44	548	0.20	0.75	0.316
InFusion	22	127	44	556	0.19	0.74	0.302
InFusion	23	118	39	565	0.17	0.75	0.277
InFusion	24	118	35	565	0.17	0.77	0.279
InFusion	25	113	33	570	0.17	0.77	0.279
InFusion	26	113	31	570	0.17	0.78	0.279
InFusion	27	111	30	572	0.16	0.79	0.266
InFusion	28	107	30	576	0.16	0.78	0.266
InFusion	29	104	28	579	0.15	0.79	0.252
InFusion	30	102	27	581	0.15	0.79	0.252
InFusion	31	99	25	584	0.14	0.8	0.238
InFusion	32	95	24	588	0.14	0.8	0.238
InFusion	33	94	22	589	0.14	0.81	0.239
InFusion	34	90	21	593	0.13	0.81	0.224
InFusion	35	85	20	598	0.12	0.81	0.209
InFusion	36	84	19	599	0.12	0.82	0.209
InFusion	37	79	18	604	0.12	0.81	0.209
InFusion	38	76	17	607	0.11	0.82	0.194
InFusion	39	75	17	608	0.11	0.82	0.194
InFusion	40	73	15	610	0.11	0.83	0.194
InFusion	42	71	14	612	0.10	0.84	0.179
InFusion	43	69	14	614	0.10	0.83	0.178
InFusion	44	66	14	617	0.10	0.83	0.178
InFusion	45	64	14	619	0.09	0.82	0.162
InFusion	48	62	14	621	0.09	0.82	0.162
InFusion	49	61	14	622	0.09	0.81	0.162
InFusion	50	60	13	623	0.09	0.82	0.162
InFusion	53	60	12	623	0.09	0.83	0.162
InFusion	54	57	11	626	0.08	0.84	0.146
InFusion	55	56	11	627	0.08	0.84	0.146
InFusion	56	54	10	629	0.08	0.84	0.146
InFusion	57	53	10	630	0.08	0.84	0.146
InFusion	59	51	10	632	0.07	0.84	0.129
InFusion	60	50	10	633	0.07	0.83	0.129
InFusion	61	48	10	635	0.07	0.83	0.129
InFusion	62	48	9	635	0.07	0.84	0.129
InFusion	63	46	9	637	0.07	0.84	0.129
InFusion	66	43	9	640	0.06	0.83	0.112
InFusion	67	42	9	641	0.06	0.82	0.112
InFusion	70	41	9	642	0.06	0.82	0.112
InFusion	73	39	9	644	0.06	0.81	0.112
InFusion	77	38	9	645	0.06	0.81	0.112
InFusion	78	37	8	646	0.05	0.82	0.094
InFusion	86	35	8	648	0.05	0.81	0.094
InFusion	87	34	8	649	0.05	0.81	0.094
InFusion	88	33	8	650	0.05	0.8	0.094
InFusion	94	31	8	652	0.05	0.79	0.094
InFusion	102	28	8	655	0.04	0.78	0.076
InFusion	106	27	8	656	0.04	0.77	0.076
InFusion	107	25	8	658	0.04	0.76	0.076
InFusion	110	24	8	659	0.04	0.75	0.076
InFusion	115	24	6	659	0.04	0.8	0.076
InFusion	120	23	5	660	0.03	0.82	0.058
InFusion	121	22	5	661	0.03	0.81	0.058
InFusion	136	20	5	663	0.03	0.8	0.058
InFusion	143	19	5	664	0.03	0.79	0.058
InFusion	153	18	5	665	0.03	0.78	0.058
InFusion	162	18	4	665	0.03	0.82	0.058
InFusion	167	17	4	666	0.02	0.81	0.039
InFusion	207	16	4	667	0.02	0.8	0.039
InFusion	212	15	4	668	0.02	0.79	0.039
InFusion	217	14	3	669	0.02	0.82	0.039
InFusion	225	13	3	670	0.02	0.81	0.039
InFusion	238	12	3	671	0.02	0.8	0.039
InFusion	272	12	1	671	0.02	0.92	0.039
InFusion	303	10	1	673	0.01	0.91	0.020
InFusion	381	9	1	674	0.01	0.9	0.020
InFusion	421	8	1	675	0.01	0.89	0.020
InFusion	450	8	0	675	0.01	1	0.020
InFusion	559	7	0	676	0.01	1	0.020
InFusion	984	6	0	677	0.01	1	0.020
InFusion	1196	5	0	678	0.01	1	0.020
InFusion	1654	4	0	679	0.01	1	0.020
InFusion	2110	3	0	680	0.00	1	0.000
InFusion	2889	2	0	681	0.00	1	0.000
PRADA	3	216	10	467	0.32	0.96	0.480
PRADA	4	206	9	477	0.30	0.96	0.457
PRADA	5	196	8	487	0.29	0.96	0.445
PRADA	6	180	7	503	0.26	0.96	0.409
PRADA	7	168	6	515	0.25	0.97	0.398
PRADA	8	156	6	527	0.23	0.96	0.371
PRADA	9	143	5	540	0.21	0.97	0.345
PRADA	10	136	4	547	0.20	0.97	0.332
PRADA	11	126	4	557	0.18	0.97	0.304
PRADA	12	117	4	566	0.17	0.97	0.289
PRADA	13	113	3	570	0.17	0.97	0.289
PRADA	14	107	3	576	0.16	0.97	0.275
PRADA	15	101	2	582	0.15	0.98	0.260
PRADA	16	98	2	585	0.14	0.98	0.245
PRADA	17	97	2	586	0.14	0.98	0.245
PRADA	19	91	1	592	0.13	0.99	0.230
PRADA	20	85	1	598	0.12	0.99	0.214
PRADA	21	81	1	602	0.12	0.99	0.214
PRADA	22	79	1	604	0.12	0.99	0.214
PRADA	23	75	1	608	0.11	0.99	0.198
PRADA	24	70	1	613	0.10	0.99	0.182
PRADA	25	66	1	617	0.10	0.99	0.182
PRADA	26	64	1	619	0.09	0.98	0.165
PRADA	27	61	1	622	0.09	0.98	0.165
PRADA	29	59	1	624	0.09	0.98	0.165
PRADA	30	57	1	626	0.08	0.98	0.148
PRADA	32	55	1	628	0.08	0.98	0.148
PRADA	33	53	1	630	0.08	0.98	0.148
PRADA	34	50	1	633	0.07	0.98	0.131
PRADA	35	48	0	635	0.07	1	0.131
PRADA	36	46	0	637	0.07	1	0.131
PRADA	37	45	0	638	0.07	1	0.131
PRADA	38	41	0	642	0.06	1	0.113
PRADA	41	39	0	644	0.06	1	0.113
PRADA	42	38	0	645	0.06	1	0.113
PRADA	45	34	0	649	0.05	1	0.095
PRADA	47	33	0	650	0.05	1	0.095
PRADA	50	30	0	653	0.04	1	0.077
PRADA	51	29	0	654	0.04	1	0.077
PRADA	52	27	0	656	0.04	1	0.077
PRADA	53	26	0	657	0.04	1	0.077
PRADA	55	25	0	658	0.04	1	0.077
PRADA	57	23	0	660	0.03	1	0.058
PRADA	58	22	0	661	0.03	1	0.058
PRADA	61	21	0	662	0.03	1	0.058
PRADA	63	20	0	663	0.03	1	0.058
PRADA	65	19	0	664	0.03	1	0.058
PRADA	66	18	0	665	0.03	1	0.058
PRADA	72	16	0	667	0.02	1	0.039
PRADA	77	15	0	668	0.02	1	0.039
PRADA	82	14	0	669	0.02	1	0.039
PRADA	100	13	0	670	0.02	1	0.039
PRADA	101	12	0	671	0.02	1	0.039
PRADA	107	11	0	672	0.02	1	0.039
PRADA	141	10	0	673	0.01	1	0.020
PRADA	159	9	0	674	0.01	1	0.020
PRADA	194	8	0	675	0.01	1	0.020
PRADA	206	7	0	676	0.01	1	0.020
PRADA	226	6	0	677	0.01	1	0.020
PRADA	262	5	0	678	0.01	1	0.020
PRADA	856	4	0	679	0.01	1	0.020
PRADA	1007	3	0	680	0.00	1	0.000
PRADA	1203	2	0	681	0.00	1	0.000
SOAP-fuse	2	359	164	324	0.53	0.69	0.600
SOAP-fuse	3	356	159	327	0.52	0.69	0.593
SOAP-fuse	4	348	154	335	0.51	0.69	0.587
SOAP-fuse	5	336	102	347	0.49	0.77	0.599
SOAP-fuse	6	327	73	356	0.48	0.82	0.606
SOAP-fuse	7	307	60	376	0.45	0.84	0.586
SOAP-fuse	8	292	51	391	0.43	0.85	0.571
SOAP-fuse	9	278	42	405	0.41	0.87	0.557
SOAP-fuse	10	267	34	416	0.39	0.89	0.542
SOAP-fuse	11	256	32	427	0.37	0.89	0.523
SOAP-fuse	12	247	28	436	0.36	0.9	0.514
SOAP-fuse	13	232	28	451	0.34	0.89	0.492
SOAP-fuse	14	218	22	465	0.32	0.91	0.473
SOAP-fuse	15	206	20	477	0.30	0.91	0.451
SOAP-fuse	16	197	17	486	0.29	0.92	0.441
SOAP-fuse	17	189	15	494	0.28	0.93	0.430
SOAP-fuse	18	184	15	499	0.27	0.92	0.417
SOAP-fuse	19	177	14	506	0.26	0.93	0.406
SOAP-fuse	20	171	13	512	0.25	0.93	0.394
SOAP-fuse	21	164	13	519	0.24	0.93	0.382
SOAP-fuse	22	157	12	526	0.23	0.93	0.369
SOAP-fuse	23	152	11	531	0.22	0.93	0.356
SOAP-fuse	24	147	10	536	0.22	0.94	0.357
SOAP-fuse	25	144	8	539	0.21	0.95	0.344
SOAP-fuse	26	140	7	543	0.20	0.95	0.330
SOAP-fuse	27	136	7	547	0.20	0.95	0.330
SOAP-fuse	28	128	6	555	0.19	0.96	0.317
SOAP-fuse	29	124	6	559	0.18	0.95	0.303
SOAP-fuse	30	119	6	564	0.17	0.95	0.288
SOAP-fuse	32	116	5	567	0.17	0.96	0.289
SOAP-fuse	33	113	4	570	0.17	0.97	0.289
SOAP-fuse	34	108	4	575	0.16	0.96	0.274
SOAP-fuse	36	107	4	576	0.16	0.96	0.274
SOAP-fuse	37	103	4	580	0.15	0.96	0.259
SOAP-fuse	39	101	4	582	0.15	0.96	0.259
SOAP-fuse	40	99	4	584	0.14	0.96	0.244
SOAP-fuse	41	97	4	586	0.14	0.96	0.244
SOAP-fuse	42	95	4	588	0.14	0.96	0.244
SOAP-fuse	43	93	4	590	0.14	0.96	0.244
SOAP-fuse	44	91	4	592	0.13	0.96	0.229
SOAP-fuse	45	89	4	594	0.13	0.96	0.229
SOAP-fuse	46	87	4	596	0.13	0.96	0.229
SOAP-fuse	47	84	4	599	0.12	0.95	0.213
SOAP-fuse	48	83	4	600	0.12	0.95	0.213
SOAP-fuse	49	81	3	602	0.12	0.96	0.213
SOAP-fuse	50	77	3	606	0.11	0.96	0.197
SOAP-fuse	51	73	3	610	0.11	0.96	0.197
SOAP-fuse	52	69	3	614	0.10	0.96	0.181
SOAP-fuse	53	66	3	617	0.10	0.96	0.181
SOAP-fuse	54	64	3	619	0.09	0.96	0.165
SOAP-fuse	55	64	2	619	0.09	0.97	0.165
SOAP-fuse	56	63	2	620	0.09	0.97	0.165
SOAP-fuse	59	62	2	621	0.09	0.97	0.165
SOAP-fuse	60	60	1	623	0.09	0.98	0.165
SOAP-fuse	61	59	0	624	0.09	1	0.165
SOAP-fuse	62	56	0	627	0.08	1	0.148
SOAP-fuse	63	54	0	629	0.08	1	0.148
SOAP-fuse	64	53	0	630	0.08	1	0.148
SOAP-fuse	65	52	0	631	0.08	1	0.148
SOAP-fuse	67	50	0	633	0.07	1	0.131
SOAP-fuse	69	48	0	635	0.07	1	0.131
SOAP-fuse	70	47	0	636	0.07	1	0.131
SOAP-fuse	71	46	0	637	0.07	1	0.131
SOAP-fuse	73	45	0	638	0.07	1	0.131
SOAP-fuse	74	44	0	639	0.06	1	0.113
SOAP-fuse	76	43	0	640	0.06	1	0.113
SOAP-fuse	77	42	0	641	0.06	1	0.113
SOAP-fuse	81	40	0	643	0.06	1	0.113
SOAP-fuse	82	39	0	644	0.06	1	0.113
SOAP-fuse	89	38	0	645	0.06	1	0.113
SOAP-fuse	90	37	0	646	0.05	1	0.095
SOAP-fuse	91	36	0	647	0.05	1	0.095
SOAP-fuse	92	35	0	648	0.05	1	0.095
SOAP-fuse	94	34	0	649	0.05	1	0.095
SOAP-fuse	96	33	0	650	0.05	1	0.095
SOAP-fuse	97	32	0	651	0.05	1	0.095
SOAP-fuse	99	31	0	652	0.05	1	0.095
SOAP-fuse	101	30	0	653	0.04	1	0.077
SOAP-fuse	104	29	0	654	0.04	1	0.077
SOAP-fuse	106	28	0	655	0.04	1	0.077
SOAP-fuse	112	27	0	656	0.04	1	0.077
SOAP-fuse	113	26	0	657	0.04	1	0.077
SOAP-fuse	115	25	0	658	0.04	1	0.077
SOAP-fuse	124	24	0	659	0.04	1	0.077
SOAP-fuse	128	23	0	660	0.03	1	0.058
SOAP-fuse	139	21	0	662	0.03	1	0.058
SOAP-fuse	141	20	0	663	0.03	1	0.058
SOAP-fuse	142	18	0	665	0.03	1	0.058
SOAP-fuse	153	17	0	666	0.02	1	0.039
SOAP-fuse	159	16	0	667	0.02	1	0.039
SOAP-fuse	167	15	0	668	0.02	1	0.039
SOAP-fuse	181	14	0	669	0.02	1	0.039
SOAP-fuse	189	13	0	670	0.02	1	0.039
SOAP-fuse	214	12	0	671	0.02	1	0.039
SOAP-fuse	228	11	0	672	0.02	1	0.039
SOAP-fuse	233	10	0	673	0.01	1	0.020
SOAP-fuse	249	9	0	674	0.01	1	0.020
SOAP-fuse	365	7	0	676	0.01	1	0.020
SOAP-fuse	403	6	0	677	0.01	1	0.020
SOAP-fuse	458	5	0	678	0.01	1	0.020
SOAP-fuse	1506	4	0	679	0.01	1	0.020
SOAP-fuse	1866	3	0	680	0.00	1	0.000
SOAP-fuse	2488	2	0	681	0.00	1	0.000
EricScript	4	358	5838	325	0.52	0.0600000000000001	0.108
EricScript	5	351	5253	332	0.51	0.0600000000000001	0.107
EricScript	6	344	4566	339	0.50	0.07	0.123
EricScript	7	332	4111	351	0.49	0.07	0.122
EricScript	8	311	3652	372	0.46	0.08	0.136
EricScript	9	299	3249	384	0.44	0.08	0.135
EricScript	10	286	2892	397	0.42	0.09	0.148
EricScript	11	275	2567	408	0.40	0.1	0.160
EricScript	12	266	2331	417	0.39	0.1	0.159
EricScript	13	255	2158	428	0.37	0.11	0.170
EricScript	14	245	1973	438	0.36	0.11	0.169
EricScript	15	240	1807	443	0.35	0.12	0.179
EricScript	16	231	1660	452	0.34	0.12	0.177
EricScript	17	219	1547	464	0.32	0.12	0.175
EricScript	18	210	1424	473	0.31	0.13	0.183
EricScript	19	203	1333	480	0.30	0.13	0.181
EricScript	20	196	1252	487	0.29	0.14	0.189
EricScript	21	186	1196	497	0.27	0.13	0.176
EricScript	22	178	1132	505	0.26	0.14	0.182
EricScript	23	176	1073	507	0.26	0.14	0.182
EricScript	24	169	1002	514	0.25	0.14	0.179
EricScript	25	157	941	526	0.23	0.14	0.174
EricScript	26	154	891	529	0.23	0.15	0.182
EricScript	27	149	858	534	0.22	0.15	0.178
EricScript	28	142	810	541	0.21	0.15	0.175
EricScript	29	136	771	547	0.20	0.15	0.171
EricScript	30	131	736	552	0.19	0.15	0.168
EricScript	31	126	708	557	0.18	0.15	0.164
EricScript	32	122	690	561	0.18	0.15	0.164
EricScript	33	117	661	566	0.17	0.15	0.159
EricScript	34	115	639	568	0.17	0.15	0.159
EricScript	35	114	614	569	0.17	0.16	0.165
EricScript	36	111	592	572	0.16	0.16	0.160
EricScript	37	108	573	575	0.16	0.16	0.160
EricScript	38	105	551	578	0.15	0.16	0.155
EricScript	39	101	533	582	0.15	0.16	0.155
EricScript	40	100	513	583	0.15	0.16	0.155
EricScript	41	98	495	585	0.14	0.17	0.154
EricScript	42	97	480	586	0.14	0.17	0.154
EricScript	43	96	457	587	0.14	0.17	0.154
EricScript	44	96	440	587	0.14	0.18	0.158
EricScript	45	94	427	589	0.14	0.18	0.158
EricScript	46	92	411	591	0.13	0.18	0.151
EricScript	47	91	392	592	0.13	0.19	0.154
EricScript	48	91	377	592	0.13	0.19	0.154
EricScript	49	88	364	595	0.13	0.19	0.154
EricScript	50	88	353	595	0.13	0.2	0.158
EricScript	51	88	343	595	0.13	0.2	0.158
EricScript	52	88	336	595	0.13	0.21	0.161
EricScript	53	87	329	596	0.13	0.21	0.161
EricScript	54	85	323	598	0.12	0.21	0.153
EricScript	55	84	314	599	0.12	0.21	0.153
EricScript	56	84	312	599	0.12	0.21	0.153
EricScript	57	84	300	599	0.12	0.22	0.155
EricScript	58	84	290	599	0.12	0.22	0.155
EricScript	59	83	281	600	0.12	0.23	0.158
EricScript	60	83	273	600	0.12	0.23	0.158
EricScript	61	83	269	600	0.12	0.24	0.160
EricScript	62	82	266	601	0.12	0.24	0.160
EricScript	63	79	261	604	0.12	0.23	0.158
EricScript	64	77	258	606	0.11	0.23	0.149
EricScript	65	74	253	609	0.11	0.23	0.149
EricScript	66	73	248	610	0.11	0.23	0.149
EricScript	67	71	242	612	0.10	0.23	0.139
EricScript	68	71	232	612	0.10	0.23	0.139
EricScript	69	69	225	614	0.10	0.23	0.139
EricScript	70	69	218	614	0.10	0.24	0.141
EricScript	71	67	215	616	0.10	0.24	0.141
EricScript	72	66	213	617	0.10	0.24	0.141
EricScript	73	65	211	618	0.10	0.24	0.141
EricScript	74	65	207	618	0.10	0.24	0.141
EricScript	75	63	203	620	0.09	0.24	0.131
EricScript	76	63	202	620	0.09	0.24	0.131
EricScript	78	63	193	620	0.09	0.25	0.132
EricScript	79	62	188	621	0.09	0.25	0.132
EricScript	80	59	188	624	0.09	0.24	0.131
EricScript	81	57	185	626	0.08	0.24	0.120
EricScript	82	52	184	631	0.08	0.22	0.117
EricScript	83	52	182	631	0.08	0.22	0.117
EricScript	84	50	180	633	0.07	0.22	0.106
EricScript	85	50	177	633	0.07	0.22	0.106
EricScript	86	50	175	633	0.07	0.22	0.106
EricScript	87	49	172	634	0.07	0.22	0.106
EricScript	88	47	170	636	0.07	0.22	0.106
EricScript	89	44	166	639	0.06	0.21	0.093
EricScript	90	43	163	640	0.06	0.21	0.093
EricScript	91	43	160	640	0.06	0.21	0.093
EricScript	92	43	156	640	0.06	0.22	0.094
EricScript	93	41	156	642	0.06	0.21	0.093
EricScript	95	41	155	642	0.06	0.21	0.093
EricScript	96	41	153	642	0.06	0.21	0.093
EricScript	97	41	149	642	0.06	0.22	0.094
EricScript	98	41	148	642	0.06	0.22	0.094
EricScript	99	39	148	644	0.06	0.21	0.093
EricScript	100	38	147	645	0.06	0.21	0.093
EricScript	102	38	145	645	0.06	0.21	0.093
EricScript	103	37	143	646	0.05	0.21	0.081
EricScript	105	36	142	647	0.05	0.2	0.080
EricScript	107	36	141	647	0.05	0.2	0.080
EricScript	108	36	140	647	0.05	0.2	0.080
EricScript	109	35	137	648	0.05	0.2	0.080
EricScript	110	35	134	648	0.05	0.21	0.081
EricScript	111	35	133	648	0.05	0.21	0.081
EricScript	112	35	129	648	0.05	0.21	0.081
EricScript	113	35	127	648	0.05	0.22	0.081
EricScript	114	35	126	648	0.05	0.22	0.081
EricScript	115	34	124	649	0.05	0.22	0.081
EricScript	116	34	123	649	0.05	0.22	0.081
EricScript	117	33	120	650	0.05	0.22	0.081
EricScript	118	33	118	650	0.05	0.22	0.081
EricScript	119	33	117	650	0.05	0.22	0.081
EricScript	121	33	115	650	0.05	0.22	0.081
EricScript	123	32	114	651	0.05	0.22	0.081
EricScript	124	31	113	652	0.05	0.22	0.081
EricScript	125	31	112	652	0.05	0.22	0.081
EricScript	126	31	111	652	0.05	0.22	0.081
EricScript	128	30	110	653	0.04	0.21	0.067
EricScript	129	30	107	653	0.04	0.22	0.068
EricScript	132	30	105	653	0.04	0.22	0.068
EricScript	133	30	104	653	0.04	0.22	0.068
EricScript	135	30	103	653	0.04	0.23	0.068
EricScript	136	29	102	654	0.04	0.22	0.068
EricScript	137	29	101	654	0.04	0.22	0.068
EricScript	140	29	100	654	0.04	0.22	0.068
EricScript	141	29	99	654	0.04	0.23	0.068
EricScript	143	27	99	656	0.04	0.21	0.067
EricScript	144	27	96	656	0.04	0.22	0.068
EricScript	145	27	95	656	0.04	0.22	0.068
EricScript	146	27	94	656	0.04	0.22	0.068
EricScript	147	27	93	656	0.04	0.22	0.068
EricScript	148	27	91	656	0.04	0.23	0.068
EricScript	151	26	91	657	0.04	0.22	0.068
EricScript	153	26	90	657	0.04	0.22	0.068
EricScript	155	25	90	658	0.04	0.22	0.068
EricScript	156	25	89	658	0.04	0.22	0.068
EricScript	158	25	88	658	0.04	0.22	0.068
EricScript	159	25	87	658	0.04	0.22	0.068
EricScript	165	25	85	658	0.04	0.23	0.068
EricScript	168	25	83	658	0.04	0.23	0.068
EricScript	170	24	83	659	0.04	0.22	0.068
EricScript	172	24	82	659	0.04	0.23	0.068
EricScript	173	23	81	660	0.03	0.22	0.053
EricScript	175	23	79	660	0.03	0.23	0.053
EricScript	176	23	78	660	0.03	0.23	0.053
EricScript	177	22	77	661	0.03	0.22	0.053
EricScript	179	22	76	661	0.03	0.22	0.053
EricScript	180	22	75	661	0.03	0.23	0.053
EricScript	184	22	74	661	0.03	0.23	0.053
EricScript	185	21	74	662	0.03	0.22	0.053
EricScript	187	20	74	663	0.03	0.21	0.052
EricScript	197	19	73	664	0.03	0.21	0.052
EricScript	200	18	73	665	0.03	0.2	0.052
EricScript	201	17	73	666	0.02	0.19	0.036
EricScript	203	17	72	666	0.02	0.19	0.036
EricScript	206	16	72	667	0.02	0.18	0.036
EricScript	208	16	71	667	0.02	0.18	0.036
EricScript	209	16	70	667	0.02	0.19	0.036
EricScript	211	16	69	667	0.02	0.19	0.036
EricScript	212	16	68	667	0.02	0.19	0.036
EricScript	213	16	67	667	0.02	0.19	0.036
EricScript	217	16	66	667	0.02	0.2	0.036
EricScript	218	15	66	668	0.02	0.19	0.036
EricScript	224	15	65	668	0.02	0.19	0.036
EricScript	235	15	64	668	0.02	0.19	0.036
EricScript	237	15	63	668	0.02	0.19	0.036
EricScript	240	14	63	669	0.02	0.18	0.036
EricScript	243	14	62	669	0.02	0.18	0.036
EricScript	253	14	60	669	0.02	0.19	0.036
EricScript	257	14	59	669	0.02	0.19	0.036
EricScript	258	13	59	670	0.02	0.18	0.036
EricScript	269	13	58	670	0.02	0.18	0.036
EricScript	272	12	58	671	0.02	0.17	0.036
EricScript	289	11	58	672	0.02	0.16	0.036
EricScript	295	11	57	672	0.02	0.16	0.036
EricScript	300	10	56	673	0.01	0.15	0.019
EricScript	305	10	55	673	0.01	0.15	0.019
EricScript	309	10	54	673	0.01	0.16	0.019
EricScript	313	10	53	673	0.01	0.16	0.019
EricScript	322	10	52	673	0.01	0.16	0.019
EricScript	324	10	51	673	0.01	0.16	0.019
EricScript	332	10	50	673	0.01	0.17	0.019
EricScript	340	10	49	673	0.01	0.17	0.019
EricScript	342	10	48	673	0.01	0.17	0.019
EricScript	345	10	47	673	0.01	0.18	0.019
EricScript	354	10	46	673	0.01	0.18	0.019
EricScript	356	10	45	673	0.01	0.18	0.019
EricScript	357	10	44	673	0.01	0.19	0.019
EricScript	362	10	43	673	0.01	0.19	0.019
EricScript	369	10	42	673	0.01	0.19	0.019
EricScript	371	9	42	674	0.01	0.18	0.019
EricScript	376	8	42	675	0.01	0.16	0.019
EricScript	377	8	41	675	0.01	0.16	0.019
EricScript	381	8	40	675	0.01	0.17	0.019
EricScript	384	8	39	675	0.01	0.17	0.019
EricScript	389	8	38	675	0.01	0.17	0.019
EricScript	393	8	37	675	0.01	0.18	0.019
EricScript	396	7	37	676	0.01	0.16	0.019
EricScript	403	7	36	676	0.01	0.16	0.019
EricScript	417	7	35	676	0.01	0.17	0.019
EricScript	419	6	35	677	0.01	0.15	0.019
EricScript	432	6	34	677	0.01	0.15	0.019
EricScript	433	6	33	677	0.01	0.15	0.019
EricScript	436	6	32	677	0.01	0.16	0.019
EricScript	443	6	31	677	0.01	0.16	0.019
EricScript	446	6	30	677	0.01	0.17	0.019
EricScript	455	6	29	677	0.01	0.17	0.019
EricScript	456	6	27	677	0.01	0.18	0.019
EricScript	457	6	26	677	0.01	0.19	0.019
EricScript	469	6	25	677	0.01	0.19	0.019
EricScript	477	6	24	677	0.01	0.2	0.019
EricScript	486	6	23	677	0.01	0.21	0.019
EricScript	534	6	22	677	0.01	0.21	0.019
EricScript	551	6	21	677	0.01	0.22	0.019
EricScript	553	6	20	677	0.01	0.23	0.019
EricScript	554	6	19	677	0.01	0.24	0.019
EricScript	589	6	18	677	0.01	0.25	0.019
EricScript	595	5	18	678	0.01	0.22	0.019
EricScript	628	5	17	678	0.01	0.23	0.019
EricScript	651	5	16	678	0.01	0.24	0.019
EricScript	653	5	15	678	0.01	0.25	0.019
EricScript	684	4	15	679	0.01	0.21	0.019
EricScript	694	3	15	680	0.00	0.17	0.000
EricScript	899	3	14	680	0.00	0.18	0.000
EricScript	945	3	13	680	0.00	0.19	0.000
EricScript	989	3	12	680	0.00	0.2	0.000
EricScript	1034	2	12	681	0.00	0.14	0.000
EricScript	1085	2	11	681	0.00	0.15	0.000
EricScript	1211	2	10	681	0.00	0.17	0.000
EricScript	1328	2	9	681	0.00	0.18	0.000
EricScript	1386	2	8	681	0.00	0.2	0.000
EricScript	1698	2	7	681	0.00	0.22	0.000
EricScript	1720	2	6	681	0.00	0.25	0.000
EricScript	1872	2	5	681	0.00	0.29	0.000
EricScript	2187	2	4	681	0.00	0.33	0.000
EricScript	2312	1	4	682	0.00	0.2	0.000
EricScript	2356	1	3	682	0.00	0.25	0.000
EricScript	2761	1	2	682	0.00	0.33	0.000
EricScript	4373	1	1	682	0.00	0.5	0.000
deFuse	6	295	1854	388	0.43	0.14	0.211
deFuse	7	294	1836	389	0.43	0.14	0.211
deFuse	8	288	1798	395	0.42	0.14	0.210
deFuse	9	284	1752	399	0.42	0.14	0.210
deFuse	10	273	1688	410	0.40	0.14	0.207
deFuse	11	264	1614	419	0.39	0.14	0.206
deFuse	12	256	1548	427	0.37	0.14	0.203
deFuse	13	246	1463	437	0.36	0.14	0.202
deFuse	14	237	1357	446	0.35	0.15	0.210
deFuse	15	228	1275	455	0.33	0.15	0.206
deFuse	16	218	1215	465	0.32	0.15	0.204
deFuse	17	209	1137	474	0.31	0.16	0.211
deFuse	18	204	1081	479	0.30	0.16	0.209
deFuse	19	201	1027	482	0.29	0.16	0.206
deFuse	20	195	969	488	0.29	0.17	0.214
deFuse	21	186	932	497	0.27	0.17	0.209
deFuse	22	175	895	508	0.26	0.16	0.198
deFuse	23	171	871	512	0.25	0.16	0.195
deFuse	24	163	835	520	0.24	0.16	0.192
deFuse	25	156	813	527	0.23	0.16	0.189
deFuse	26	149	779	534	0.22	0.16	0.185
deFuse	27	145	754	538	0.21	0.16	0.182
deFuse	28	141	733	542	0.21	0.16	0.182
deFuse	29	138	714	545	0.20	0.16	0.178
deFuse	30	132	686	551	0.19	0.16	0.174
deFuse	31	127	662	556	0.19	0.16	0.174
deFuse	32	127	645	556	0.19	0.16	0.174
deFuse	33	121	632	562	0.18	0.16	0.169
deFuse	34	117	607	566	0.17	0.16	0.165
deFuse	35	115	586	568	0.17	0.16	0.165
deFuse	36	115	571	568	0.17	0.17	0.170
deFuse	37	112	560	571	0.16	0.17	0.165
deFuse	38	108	553	575	0.16	0.16	0.160
deFuse	39	105	539	578	0.15	0.16	0.155
deFuse	40	105	526	578	0.15	0.17	0.159
deFuse	41	104	508	579	0.15	0.17	0.159
deFuse	42	99	494	584	0.14	0.17	0.154
deFuse	43	97	480	586	0.14	0.17	0.154
deFuse	44	95	469	588	0.14	0.17	0.154
deFuse	45	94	451	589	0.14	0.17	0.154
deFuse	46	92	444	591	0.13	0.17	0.147
deFuse	47	91	435	592	0.13	0.17	0.147
deFuse	48	88	425	595	0.13	0.17	0.147
deFuse	49	86	414	597	0.13	0.17	0.147
deFuse	50	86	406	597	0.13	0.17	0.147
deFuse	51	85	398	598	0.12	0.18	0.144
deFuse	52	84	385	599	0.12	0.18	0.144
deFuse	53	82	373	601	0.12	0.18	0.144
deFuse	54	81	363	602	0.12	0.18	0.144
deFuse	55	80	358	603	0.12	0.18	0.144
deFuse	56	78	350	605	0.11	0.18	0.137
deFuse	57	78	344	605	0.11	0.18	0.137
deFuse	58	77	336	606	0.11	0.19	0.139
deFuse	59	76	330	607	0.11	0.19	0.139
deFuse	60	75	324	608	0.11	0.19	0.139
deFuse	61	73	317	610	0.11	0.19	0.139
deFuse	62	70	312	613	0.10	0.18	0.129
deFuse	63	69	304	614	0.10	0.18	0.129
deFuse	64	69	298	614	0.10	0.19	0.131
deFuse	65	68	294	615	0.10	0.19	0.131
deFuse	66	68	289	615	0.10	0.19	0.131
deFuse	67	66	285	617	0.10	0.19	0.131
deFuse	68	64	278	619	0.09	0.19	0.122
deFuse	69	64	273	619	0.09	0.19	0.122
deFuse	70	62	269	621	0.09	0.19	0.122
deFuse	71	60	266	623	0.09	0.18	0.120
deFuse	72	59	263	624	0.09	0.18	0.120
deFuse	73	57	259	626	0.08	0.18	0.111
deFuse	74	55	256	628	0.08	0.18	0.111
deFuse	75	55	254	628	0.08	0.18	0.111
deFuse	76	53	252	630	0.08	0.17	0.109
deFuse	77	52	252	631	0.08	0.17	0.109
deFuse	78	50	243	633	0.07	0.17	0.099
deFuse	79	49	239	634	0.07	0.17	0.099
deFuse	80	48	234	635	0.07	0.17	0.099
deFuse	81	48	232	635	0.07	0.17	0.099
deFuse	82	47	229	636	0.07	0.17	0.099
deFuse	83	45	222	638	0.07	0.17	0.099
deFuse	84	45	220	638	0.07	0.17	0.099
deFuse	85	45	217	638	0.07	0.17	0.099
deFuse	86	44	215	639	0.06	0.17	0.089
deFuse	87	44	211	639	0.06	0.17	0.089
deFuse	88	44	208	639	0.06	0.17	0.089
deFuse	89	44	205	639	0.06	0.18	0.090
deFuse	90	44	201	639	0.06	0.18	0.090
deFuse	91	44	198	639	0.06	0.18	0.090
deFuse	92	43	194	640	0.06	0.18	0.090
deFuse	93	41	192	642	0.06	0.18	0.090
deFuse	94	41	191	642	0.06	0.18	0.090
deFuse	97	41	189	642	0.06	0.18	0.090
deFuse	98	41	188	642	0.06	0.18	0.090
deFuse	99	41	185	642	0.06	0.18	0.090
deFuse	100	40	183	643	0.06	0.18	0.090
deFuse	101	39	182	644	0.06	0.18	0.090
deFuse	102	38	181	645	0.06	0.17	0.089
deFuse	103	38	179	645	0.06	0.18	0.090
deFuse	105	38	178	645	0.06	0.18	0.090
deFuse	106	38	177	645	0.06	0.18	0.090
deFuse	107	36	177	647	0.05	0.17	0.077
deFuse	108	36	175	647	0.05	0.17	0.077
deFuse	109	35	171	648	0.05	0.17	0.077
deFuse	110	35	167	648	0.05	0.17	0.077
deFuse	111	34	166	649	0.05	0.17	0.077
deFuse	114	34	165	649	0.05	0.17	0.077
deFuse	116	34	162	649	0.05	0.17	0.077
deFuse	118	33	160	650	0.05	0.17	0.077
deFuse	119	33	158	650	0.05	0.17	0.077
deFuse	120	33	156	650	0.05	0.17	0.077
deFuse	121	33	153	650	0.05	0.18	0.078
deFuse	123	33	152	650	0.05	0.18	0.078
deFuse	124	32	151	651	0.05	0.17	0.077
deFuse	126	32	150	651	0.05	0.18	0.078
deFuse	128	32	148	651	0.05	0.18	0.078
deFuse	129	32	147	651	0.05	0.18	0.078
deFuse	131	32	146	651	0.05	0.18	0.078
deFuse	132	32	145	651	0.05	0.18	0.078
deFuse	133	32	142	651	0.05	0.18	0.078
deFuse	134	32	141	651	0.05	0.18	0.078
deFuse	135	31	140	652	0.05	0.18	0.078
deFuse	136	30	139	653	0.04	0.18	0.065
deFuse	137	29	137	654	0.04	0.17	0.065
deFuse	138	29	136	654	0.04	0.18	0.065
deFuse	139	29	134	654	0.04	0.18	0.065
deFuse	140	28	134	655	0.04	0.17	0.065
deFuse	141	26	134	657	0.04	0.16	0.064
deFuse	142	26	133	657	0.04	0.16	0.064
deFuse	144	26	131	657	0.04	0.17	0.065
deFuse	149	26	129	657	0.04	0.17	0.065
deFuse	150	26	128	657	0.04	0.17	0.065
deFuse	151	26	126	657	0.04	0.17	0.065
deFuse	155	26	125	657	0.04	0.17	0.065
deFuse	156	26	124	657	0.04	0.17	0.065
deFuse	157	26	123	657	0.04	0.17	0.065
deFuse	159	26	122	657	0.04	0.18	0.065
deFuse	160	26	121	657	0.04	0.18	0.065
deFuse	161	26	120	657	0.04	0.18	0.065
deFuse	162	25	120	658	0.04	0.17	0.065
deFuse	165	25	118	658	0.04	0.17	0.065
deFuse	171	25	117	658	0.04	0.18	0.065
deFuse	174	25	116	658	0.04	0.18	0.065
deFuse	175	25	115	658	0.04	0.18	0.065
deFuse	179	25	114	658	0.04	0.18	0.065
deFuse	183	24	113	659	0.04	0.18	0.065
deFuse	184	24	112	659	0.04	0.18	0.065
deFuse	188	24	110	659	0.04	0.18	0.065
deFuse	190	23	110	660	0.03	0.17	0.051
deFuse	195	23	109	660	0.03	0.17	0.051
deFuse	198	23	108	660	0.03	0.18	0.051
deFuse	202	23	107	660	0.03	0.18	0.051
deFuse	203	22	107	661	0.03	0.17	0.051
deFuse	204	21	107	662	0.03	0.16	0.051
deFuse	205	20	106	663	0.03	0.16	0.051
deFuse	207	20	105	663	0.03	0.16	0.051
deFuse	211	20	104	663	0.03	0.16	0.051
deFuse	212	20	103	663	0.03	0.16	0.051
deFuse	218	20	102	663	0.03	0.16	0.051
deFuse	219	20	101	663	0.03	0.17	0.051
deFuse	220	20	100	663	0.03	0.17	0.051
deFuse	221	20	99	663	0.03	0.17	0.051
deFuse	224	18	99	665	0.03	0.15	0.050
deFuse	225	17	99	666	0.02	0.15	0.035
deFuse	230	17	98	666	0.02	0.15	0.035
deFuse	231	17	97	666	0.02	0.15	0.035
deFuse	232	17	96	666	0.02	0.15	0.035
deFuse	238	16	96	667	0.02	0.14	0.035
deFuse	241	16	94	667	0.02	0.15	0.035
deFuse	244	16	93	667	0.02	0.15	0.035
deFuse	247	16	92	667	0.02	0.15	0.035
deFuse	248	16	91	667	0.02	0.15	0.035
deFuse	253	16	90	667	0.02	0.15	0.035
deFuse	255	16	88	667	0.02	0.15	0.035
deFuse	262	16	87	667	0.02	0.16	0.036
deFuse	265	16	85	667	0.02	0.16	0.036
deFuse	276	16	84	667	0.02	0.16	0.036
deFuse	286	16	83	667	0.02	0.16	0.036
deFuse	294	15	83	668	0.02	0.15	0.035
deFuse	298	15	82	668	0.02	0.15	0.035
deFuse	300	14	82	669	0.02	0.15	0.035
deFuse	302	13	82	670	0.02	0.14	0.035
deFuse	303	12	82	671	0.02	0.13	0.035
deFuse	305	12	81	671	0.02	0.13	0.035
deFuse	316	11	81	672	0.02	0.12	0.034
deFuse	321	10	81	673	0.01	0.11	0.018
deFuse	340	10	80	673	0.01	0.11	0.018
deFuse	341	9	80	674	0.01	0.1	0.018
deFuse	342	9	79	674	0.01	0.1	0.018
deFuse	352	9	78	674	0.01	0.1	0.018
deFuse	363	9	77	674	0.01	0.1	0.018
deFuse	364	9	76	674	0.01	0.11	0.018
deFuse	372	8	76	675	0.01	0.1	0.018
deFuse	393	8	74	675	0.01	0.1	0.018
deFuse	402	8	73	675	0.01	0.1	0.018
deFuse	414	8	71	675	0.01	0.1	0.018
deFuse	419	8	70	675	0.01	0.1	0.018
deFuse	459	8	69	675	0.01	0.1	0.018
deFuse	490	8	68	675	0.01	0.11	0.018
deFuse	516	8	67	675	0.01	0.11	0.018
deFuse	544	8	66	675	0.01	0.11	0.018
deFuse	585	8	65	675	0.01	0.11	0.018
deFuse	601	7	65	676	0.01	0.1	0.018
deFuse	607	7	64	676	0.01	0.1	0.018
deFuse	623	7	63	676	0.01	0.1	0.018
deFuse	625	7	62	676	0.01	0.1	0.018
deFuse	659	7	61	676	0.01	0.1	0.018
deFuse	665	7	60	676	0.01	0.1	0.018
deFuse	698	7	59	676	0.01	0.11	0.018
deFuse	712	7	58	676	0.01	0.11	0.018
deFuse	736	7	57	676	0.01	0.11	0.018
deFuse	821	7	56	676	0.01	0.11	0.018
deFuse	822	7	55	676	0.01	0.11	0.018
deFuse	860	7	54	676	0.01	0.11	0.018
deFuse	871	7	53	676	0.01	0.12	0.018
deFuse	875	7	52	676	0.01	0.12	0.018
deFuse	886	7	51	676	0.01	0.12	0.018
deFuse	891	7	50	676	0.01	0.12	0.018
deFuse	909	7	49	676	0.01	0.12	0.018
deFuse	940	7	48	676	0.01	0.13	0.019
deFuse	973	7	47	676	0.01	0.13	0.019
deFuse	979	7	46	676	0.01	0.13	0.019
deFuse	1011	7	45	676	0.01	0.13	0.019
deFuse	1060	7	44	676	0.01	0.14	0.019
deFuse	1146	7	43	676	0.01	0.14	0.019
deFuse	1176	7	42	676	0.01	0.14	0.019
deFuse	1223	6	42	677	0.01	0.12	0.018
deFuse	1257	6	41	677	0.01	0.13	0.019
deFuse	1267	6	40	677	0.01	0.13	0.019
deFuse	1304	6	39	677	0.01	0.13	0.019
deFuse	1389	6	38	677	0.01	0.14	0.019
deFuse	1407	6	37	677	0.01	0.14	0.019
deFuse	1433	6	36	677	0.01	0.14	0.019
deFuse	1523	6	35	677	0.01	0.15	0.019
deFuse	1532	5	35	678	0.01	0.12	0.018
deFuse	1570	5	34	678	0.01	0.13	0.019
deFuse	1593	5	33	678	0.01	0.13	0.019
deFuse	1606	5	32	678	0.01	0.14	0.019
deFuse	1646	5	31	678	0.01	0.14	0.019
deFuse	1672	5	30	678	0.01	0.14	0.019
deFuse	1683	5	29	678	0.01	0.15	0.019
deFuse	1698	5	28	678	0.01	0.15	0.019
deFuse	2113	4	28	679	0.01	0.12	0.018
deFuse	2170	4	27	679	0.01	0.13	0.019
deFuse	2174	4	26	679	0.01	0.13	0.019
deFuse	2207	4	25	679	0.01	0.14	0.019
deFuse	2417	3	25	680	0.00	0.11	0.000
deFuse	2506	3	24	680	0.00	0.11	0.000
deFuse	2527	3	23	680	0.00	0.12	0.000
deFuse	2532	3	22	680	0.00	0.12	0.000
deFuse	2675	3	21	680	0.00	0.12	0.000
deFuse	2745	3	20	680	0.00	0.13	0.000
deFuse	2756	3	19	680	0.00	0.14	0.000
deFuse	2807	3	18	680	0.00	0.14	0.000
deFuse	2811	3	17	680	0.00	0.15	0.000
deFuse	2886	2	17	681	0.00	0.11	0.000
deFuse	2941	2	16	681	0.00	0.11	0.000
deFuse	2952	2	15	681	0.00	0.12	0.000
deFuse	3396	2	14	681	0.00	0.12	0.000
deFuse	3535	2	13	681	0.00	0.13	0.000
deFuse	3761	2	12	681	0.00	0.14	0.000
deFuse	4189	1	12	682	0.00	0.08	0.000
deFuse	4209	1	11	682	0.00	0.08	0.000
deFuse	4239	1	10	682	0.00	0.09	0.000
deFuse	5735	1	9	682	0.00	0.1	0.000
deFuse	6029	1	8	682	0.00	0.11	0.000
deFuse	7022	1	7	682	0.00	0.12	0.000
deFuse	7032	1	6	682	0.00	0.14	0.000
deFuse	7141	1	5	682	0.00	0.17	0.000
deFuse	7510	1	4	682	0.00	0.2	0.000
deFuse	8763	1	3	682	0.00	0.25	0.000
deFuse	10596	1	2	682	0.00	0.33	0.000
deFuse	14882	1	1	682	0.00	0.5	0.000
MapSplice	3	353	268	330	0.52	0.57	0.544
MapSplice	4	337	236	346	0.49	0.59	0.535
MapSplice	5	323	217	360	0.47	0.6	0.527
MapSplice	6	305	194	378	0.45	0.61	0.518
MapSplice	7	283	176	400	0.41	0.62	0.494
MapSplice	8	272	163	411	0.40	0.63	0.489
MapSplice	9	258	147	425	0.38	0.64	0.477
MapSplice	10	246	136	437	0.36	0.64	0.461
MapSplice	11	229	124	454	0.34	0.65	0.446
MapSplice	12	218	112	465	0.32	0.66	0.431
MapSplice	13	207	97	476	0.30	0.68	0.416
MapSplice	14	197	86	486	0.29	0.7	0.410
MapSplice	15	190	80	493	0.28	0.7	0.400
MapSplice	16	179	73	504	0.26	0.71	0.381
MapSplice	17	171	66	512	0.25	0.72	0.371
MapSplice	18	166	54	517	0.24	0.75	0.364
MapSplice	19	160	48	523	0.23	0.77	0.354
MapSplice	20	154	45	529	0.23	0.77	0.354
MapSplice	21	140	43	543	0.20	0.77	0.318
MapSplice	22	134	39	549	0.20	0.77	0.318
MapSplice	23	129	37	554	0.19	0.78	0.306
MapSplice	24	127	34	556	0.19	0.79	0.306
MapSplice	25	123	30	560	0.18	0.8	0.294
MapSplice	26	119	28	564	0.17	0.81	0.281
MapSplice	27	118	26	565	0.17	0.82	0.282
MapSplice	28	114	25	569	0.17	0.82	0.282
MapSplice	29	111	25	572	0.16	0.82	0.268
MapSplice	30	108	24	575	0.16	0.82	0.268
MapSplice	31	106	23	577	0.16	0.82	0.268
MapSplice	32	103	23	580	0.15	0.82	0.254
MapSplice	33	101	21	582	0.15	0.83	0.254
MapSplice	34	96	20	587	0.14	0.83	0.240
MapSplice	35	92	19	591	0.13	0.83	0.225
MapSplice	36	92	17	591	0.13	0.84	0.225
MapSplice	38	91	17	592	0.13	0.84	0.225
MapSplice	39	89	15	594	0.13	0.86	0.226
MapSplice	41	87	14	596	0.13	0.86	0.226
MapSplice	42	84	14	599	0.12	0.86	0.211
MapSplice	43	83	14	600	0.12	0.86	0.211
MapSplice	44	80	14	603	0.12	0.85	0.210
MapSplice	45	79	14	604	0.12	0.85	0.210
MapSplice	46	78	14	605	0.11	0.85	0.195
MapSplice	47	75	12	608	0.11	0.86	0.195
MapSplice	48	73	12	610	0.11	0.86	0.195
MapSplice	49	72	12	611	0.11	0.86	0.195
MapSplice	50	69	12	614	0.10	0.85	0.179
MapSplice	51	67	12	616	0.10	0.85	0.179
MapSplice	52	65	12	618	0.10	0.84	0.179
MapSplice	53	64	12	619	0.09	0.84	0.163
MapSplice	54	62	12	621	0.09	0.84	0.163
MapSplice	55	61	12	622	0.09	0.84	0.163
MapSplice	56	60	12	623	0.09	0.83	0.162
MapSplice	57	60	11	623	0.09	0.85	0.163
MapSplice	58	57	10	626	0.08	0.85	0.146
MapSplice	59	56	10	627	0.08	0.85	0.146
MapSplice	60	55	10	628	0.08	0.85	0.146
MapSplice	61	53	10	630	0.08	0.84	0.146
MapSplice	64	52	10	631	0.08	0.84	0.146
MapSplice	65	50	9	633	0.07	0.85	0.129
MapSplice	66	49	9	634	0.07	0.84	0.129
MapSplice	67	48	9	635	0.07	0.84	0.129
MapSplice	71	47	9	636	0.07	0.84	0.129
MapSplice	72	44	9	639	0.06	0.83	0.112
MapSplice	73	41	9	642	0.06	0.82	0.112
MapSplice	74	40	9	643	0.06	0.82	0.112
MapSplice	76	39	9	644	0.06	0.81	0.112
MapSplice	77	38	8	645	0.06	0.83	0.112
MapSplice	78	37	8	646	0.05	0.82	0.094
MapSplice	82	36	8	647	0.05	0.82	0.094
MapSplice	83	36	7	647	0.05	0.84	0.094
MapSplice	85	35	7	648	0.05	0.83	0.094
MapSplice	86	34	7	649	0.05	0.83	0.094
MapSplice	87	32	7	651	0.05	0.82	0.094
MapSplice	88	31	7	652	0.05	0.82	0.094
MapSplice	89	29	7	654	0.04	0.81	0.076
MapSplice	90	28	7	655	0.04	0.8	0.076
MapSplice	93	27	7	656	0.04	0.79	0.076
MapSplice	95	26	7	657	0.04	0.79	0.076
MapSplice	97	25	7	658	0.04	0.78	0.076
MapSplice	102	24	7	659	0.04	0.77	0.076
MapSplice	106	24	6	659	0.04	0.8	0.076
MapSplice	109	23	6	660	0.03	0.79	0.058
MapSplice	112	21	6	662	0.03	0.78	0.058
MapSplice	117	21	4	662	0.03	0.84	0.058
MapSplice	120	20	4	663	0.03	0.83	0.058
MapSplice	129	19	4	664	0.03	0.83	0.058
MapSplice	131	18	4	665	0.03	0.82	0.058
MapSplice	136	18	3	665	0.03	0.86	0.058
MapSplice	140	17	3	666	0.02	0.85	0.039
MapSplice	149	16	3	667	0.02	0.84	0.039
MapSplice	160	16	2	667	0.02	0.89	0.039
MapSplice	162	16	1	667	0.02	0.94	0.039
MapSplice	169	15	1	668	0.02	0.94	0.039
MapSplice	175	15	0	668	0.02	1	0.039
MapSplice	186	14	0	669	0.02	1	0.039
MapSplice	189	13	0	670	0.02	1	0.039
MapSplice	225	12	0	671	0.02	1	0.039
MapSplice	231	11	0	672	0.02	1	0.039
MapSplice	244	10	0	673	0.01	1	0.020
MapSplice	257	9	0	674	0.01	1	0.020
MapSplice	373	8	0	675	0.01	1	0.020
MapSplice	376	7	0	676	0.01	1	0.020
MapSplice	412	6	0	677	0.01	1	0.020
MapSplice	488	5	0	678	0.01	1	0.020
MapSplice	1422	4	0	679	0.01	1	0.020
MapSplice	1847	3	0	680	0.00	1	0.000
MapSplice	3122	2	0	681	0.00	1	0.000
JAFFA-Hybrid	1	510	12235	173	0.75	0.04	0.076
JAFFA-Hybrid	2	490	1685	193	0.72	0.23	0.349
JAFFA-Hybrid	3	461	1270	222	0.67	0.27	0.385
JAFFA-Hybrid	4	428	1147	255	0.63	0.27	0.378
JAFFA-Hybrid	5	391	1044	292	0.57	0.27	0.366
JAFFA-Hybrid	6	365	967	318	0.53	0.27	0.358
JAFFA-Hybrid	7	348	876	335	0.51	0.28	0.362
JAFFA-Hybrid	8	319	805	364	0.47	0.28	0.351
JAFFA-Hybrid	9	304	738	379	0.45	0.29	0.353
JAFFA-Hybrid	10	279	693	404	0.41	0.29	0.340
JAFFA-Hybrid	11	261	645	422	0.38	0.29	0.329
JAFFA-Hybrid	12	248	603	435	0.36	0.29	0.321
JAFFA-Hybrid	13	235	560	448	0.34	0.3	0.319
JAFFA-Hybrid	14	215	523	468	0.31	0.29	0.300
JAFFA-Hybrid	15	208	486	475	0.30	0.3	0.300
JAFFA-Hybrid	16	199	459	484	0.29	0.3	0.295
JAFFA-Hybrid	17	185	432	498	0.27	0.3	0.284
JAFFA-Hybrid	18	174	412	509	0.25	0.3	0.273
JAFFA-Hybrid	19	168	390	515	0.25	0.3	0.273
JAFFA-Hybrid	20	157	364	526	0.23	0.3	0.260
JAFFA-Hybrid	21	146	351	537	0.21	0.29	0.244
JAFFA-Hybrid	22	140	336	543	0.20	0.29	0.237
JAFFA-Hybrid	23	136	324	547	0.20	0.3	0.240
JAFFA-Hybrid	24	131	313	552	0.19	0.3	0.233
JAFFA-Hybrid	25	129	302	554	0.19	0.3	0.233
JAFFA-Hybrid	26	124	294	559	0.18	0.3	0.225
JAFFA-Hybrid	27	121	281	562	0.18	0.3	0.225
JAFFA-Hybrid	28	117	272	566	0.17	0.3	0.217
JAFFA-Hybrid	29	115	267	568	0.17	0.3	0.217
JAFFA-Hybrid	30	112	255	571	0.16	0.31	0.211
JAFFA-Hybrid	31	110	247	573	0.16	0.31	0.211
JAFFA-Hybrid	32	106	239	577	0.16	0.31	0.211
JAFFA-Hybrid	33	106	226	577	0.16	0.32	0.213
JAFFA-Hybrid	34	105	215	578	0.15	0.33	0.206
JAFFA-Hybrid	35	101	207	582	0.15	0.33	0.206
JAFFA-Hybrid	36	99	198	584	0.14	0.33	0.197
JAFFA-Hybrid	37	97	191	586	0.14	0.34	0.198
JAFFA-Hybrid	38	93	188	590	0.14	0.33	0.197
JAFFA-Hybrid	39	90	183	593	0.13	0.33	0.187
JAFFA-Hybrid	40	88	175	595	0.13	0.33	0.187
JAFFA-Hybrid	41	84	172	599	0.12	0.33	0.176
JAFFA-Hybrid	42	82	168	601	0.12	0.33	0.176
JAFFA-Hybrid	43	82	164	601	0.12	0.33	0.176
JAFFA-Hybrid	44	79	161	604	0.12	0.33	0.176
JAFFA-Hybrid	45	77	160	606	0.11	0.32	0.164
JAFFA-Hybrid	46	77	158	606	0.11	0.33	0.165
JAFFA-Hybrid	47	77	151	606	0.11	0.34	0.166
JAFFA-Hybrid	48	75	150	608	0.11	0.33	0.165
JAFFA-Hybrid	49	72	145	611	0.11	0.33	0.165
JAFFA-Hybrid	50	71	143	612	0.10	0.33	0.153
JAFFA-Hybrid	51	70	136	613	0.10	0.34	0.155
JAFFA-Hybrid	52	69	134	614	0.10	0.34	0.155
JAFFA-Hybrid	53	68	133	615	0.10	0.34	0.155
JAFFA-Hybrid	54	67	130	616	0.10	0.34	0.155
JAFFA-Hybrid	55	66	127	617	0.10	0.34	0.155
JAFFA-Hybrid	56	62	126	621	0.09	0.33	0.141
JAFFA-Hybrid	57	61	122	622	0.09	0.33	0.141
JAFFA-Hybrid	58	61	116	622	0.09	0.34	0.142
JAFFA-Hybrid	59	59	111	624	0.09	0.35	0.143
JAFFA-Hybrid	60	56	108	627	0.08	0.34	0.130
JAFFA-Hybrid	61	52	107	631	0.08	0.33	0.129
JAFFA-Hybrid	62	51	106	632	0.07	0.32	0.115
JAFFA-Hybrid	63	49	104	634	0.07	0.32	0.115
JAFFA-Hybrid	64	47	102	636	0.07	0.32	0.115
JAFFA-Hybrid	65	47	98	636	0.07	0.32	0.115
JAFFA-Hybrid	66	46	95	637	0.07	0.33	0.116
JAFFA-Hybrid	67	45	91	638	0.07	0.33	0.116
JAFFA-Hybrid	68	44	90	639	0.06	0.33	0.102
JAFFA-Hybrid	69	44	87	639	0.06	0.34	0.102
JAFFA-Hybrid	70	42	84	641	0.06	0.33	0.102
JAFFA-Hybrid	72	42	81	641	0.06	0.34	0.102
JAFFA-Hybrid	73	41	80	642	0.06	0.34	0.102
JAFFA-Hybrid	74	40	80	643	0.06	0.33	0.102
JAFFA-Hybrid	75	40	76	643	0.06	0.34	0.102
JAFFA-Hybrid	76	39	75	644	0.06	0.34	0.102
JAFFA-Hybrid	77	38	74	645	0.06	0.34	0.102
JAFFA-Hybrid	78	38	73	645	0.06	0.34	0.102
JAFFA-Hybrid	79	37	72	646	0.05	0.34	0.087
JAFFA-Hybrid	80	36	70	647	0.05	0.34	0.087
JAFFA-Hybrid	81	36	67	647	0.05	0.35	0.087
JAFFA-Hybrid	83	36	64	647	0.05	0.36	0.088
JAFFA-Hybrid	84	35	64	648	0.05	0.35	0.087
JAFFA-Hybrid	85	35	61	648	0.05	0.36	0.088
JAFFA-Hybrid	86	35	59	648	0.05	0.37	0.088
JAFFA-Hybrid	87	34	58	649	0.05	0.37	0.088
JAFFA-Hybrid	88	33	57	650	0.05	0.37	0.088
JAFFA-Hybrid	89	30	57	653	0.04	0.34	0.072
JAFFA-Hybrid	91	29	56	654	0.04	0.34	0.072
JAFFA-Hybrid	94	26	55	657	0.04	0.32	0.071
JAFFA-Hybrid	95	26	53	657	0.04	0.33	0.071
JAFFA-Hybrid	98	25	53	658	0.04	0.32	0.071
JAFFA-Hybrid	101	24	52	659	0.04	0.32	0.071
JAFFA-Hybrid	104	24	51	659	0.04	0.32	0.071
JAFFA-Hybrid	105	24	50	659	0.04	0.32	0.071
JAFFA-Hybrid	106	22	50	661	0.03	0.31	0.055
JAFFA-Hybrid	107	21	50	662	0.03	0.3	0.055
JAFFA-Hybrid	108	20	50	663	0.03	0.29	0.054
JAFFA-Hybrid	112	19	48	664	0.03	0.28	0.054
JAFFA-Hybrid	113	19	47	664	0.03	0.29	0.054
JAFFA-Hybrid	114	19	46	664	0.03	0.29	0.054
JAFFA-Hybrid	116	19	44	664	0.03	0.3	0.055
JAFFA-Hybrid	118	18	44	665	0.03	0.29	0.054
JAFFA-Hybrid	120	16	44	667	0.02	0.27	0.037
JAFFA-Hybrid	122	15	43	668	0.02	0.26	0.037
JAFFA-Hybrid	123	15	42	668	0.02	0.26	0.037
JAFFA-Hybrid	126	15	41	668	0.02	0.27	0.037
JAFFA-Hybrid	127	15	40	668	0.02	0.27	0.037
JAFFA-Hybrid	128	15	39	668	0.02	0.28	0.037
JAFFA-Hybrid	129	14	37	669	0.02	0.27	0.037
JAFFA-Hybrid	132	14	36	669	0.02	0.28	0.037
JAFFA-Hybrid	138	14	35	669	0.02	0.29	0.037
JAFFA-Hybrid	139	13	35	670	0.02	0.27	0.037
JAFFA-Hybrid	141	13	34	670	0.02	0.28	0.037
JAFFA-Hybrid	142	12	34	671	0.02	0.26	0.037
JAFFA-Hybrid	143	12	33	671	0.02	0.27	0.037
JAFFA-Hybrid	146	12	32	671	0.02	0.27	0.037
JAFFA-Hybrid	147	11	32	672	0.02	0.26	0.037
JAFFA-Hybrid	149	11	31	672	0.02	0.26	0.037
JAFFA-Hybrid	155	11	30	672	0.02	0.27	0.037
JAFFA-Hybrid	159	11	29	672	0.02	0.28	0.037
JAFFA-Hybrid	163	11	28	672	0.02	0.28	0.037
JAFFA-Hybrid	174	10	28	673	0.01	0.26	0.019
JAFFA-Hybrid	177	10	27	673	0.01	0.27	0.019
JAFFA-Hybrid	178	10	25	673	0.01	0.29	0.019
JAFFA-Hybrid	182	9	25	674	0.01	0.26	0.019
JAFFA-Hybrid	203	9	24	674	0.01	0.27	0.019
JAFFA-Hybrid	205	9	23	674	0.01	0.28	0.019
JAFFA-Hybrid	208	9	22	674	0.01	0.29	0.019
JAFFA-Hybrid	211	9	21	674	0.01	0.3	0.019
JAFFA-Hybrid	213	8	21	675	0.01	0.28	0.019
JAFFA-Hybrid	214	8	20	675	0.01	0.29	0.019
JAFFA-Hybrid	218	7	20	676	0.01	0.26	0.019
JAFFA-Hybrid	230	7	19	676	0.01	0.27	0.019
JAFFA-Hybrid	234	6	19	677	0.01	0.24	0.019
JAFFA-Hybrid	248	6	18	677	0.01	0.25	0.019
JAFFA-Hybrid	249	6	17	677	0.01	0.26	0.019
JAFFA-Hybrid	266	6	16	677	0.01	0.27	0.019
JAFFA-Hybrid	270	6	15	677	0.01	0.29	0.019
JAFFA-Hybrid	280	5	15	678	0.01	0.25	0.019
JAFFA-Hybrid	304	5	14	678	0.01	0.26	0.019
JAFFA-Hybrid	387	5	13	678	0.01	0.28	0.019
JAFFA-Hybrid	421	4	13	679	0.01	0.24	0.019
JAFFA-Hybrid	499	4	12	679	0.01	0.25	0.019
JAFFA-Hybrid	553	4	11	679	0.01	0.27	0.019
JAFFA-Hybrid	626	4	10	679	0.01	0.29	0.019
JAFFA-Hybrid	634	4	9	679	0.01	0.31	0.019
JAFFA-Hybrid	659	4	8	679	0.01	0.33	0.019
JAFFA-Hybrid	736	4	6	679	0.01	0.4	0.020
JAFFA-Hybrid	741	4	5	679	0.01	0.44	0.020
JAFFA-Hybrid	818	4	4	679	0.01	0.5	0.020
JAFFA-Hybrid	1005	4	3	679	0.01	0.57	0.020
JAFFA-Hybrid	1040	3	3	680	0.00	0.5	0.000
JAFFA-Hybrid	1115	3	2	680	0.00	0.6	0.000
JAFFA-Hybrid	1301	3	1	680	0.00	0.75	0.000
JAFFA-Hybrid	2165	3	0	680	0.00	1	0.000
JAFFA-Hybrid	3001	2	0	681	0.00	1	0.000
JAFFA-Direct	1	495	11239	188	0.72	0.04	0.076
JAFFA-Direct	2	468	603	215	0.69	0.44	0.537
JAFFA-Direct	3	429	197	254	0.63	0.69	0.659
JAFFA-Direct	4	377	140	306	0.55	0.73	0.627
JAFFA-Direct	5	318	116	365	0.47	0.73	0.572
JAFFA-Direct	6	292	107	391	0.43	0.73	0.541
JAFFA-Direct	7	261	91	422	0.38	0.74	0.502
JAFFA-Direct	8	237	87	446	0.35	0.73	0.473
JAFFA-Direct	9	208	79	475	0.30	0.72	0.424
JAFFA-Direct	10	180	73	503	0.26	0.71	0.381
JAFFA-Direct	11	164	66	519	0.24	0.71	0.359
JAFFA-Direct	12	153	64	530	0.22	0.71	0.336
JAFFA-Direct	13	136	58	547	0.20	0.7	0.311
JAFFA-Direct	14	126	53	557	0.18	0.7	0.286
JAFFA-Direct	15	115	49	568	0.17	0.7	0.274
JAFFA-Direct	16	107	49	576	0.16	0.69	0.260
JAFFA-Direct	17	99	47	584	0.14	0.68	0.232
JAFFA-Direct	18	94	46	589	0.14	0.67	0.232
JAFFA-Direct	19	89	45	594	0.13	0.66	0.217
JAFFA-Direct	20	87	43	596	0.13	0.67	0.218
JAFFA-Direct	21	81	41	602	0.12	0.66	0.203
JAFFA-Direct	22	79	41	604	0.12	0.66	0.203
JAFFA-Direct	23	79	40	604	0.12	0.66	0.203
JAFFA-Direct	24	78	39	605	0.11	0.67	0.189
JAFFA-Direct	25	75	38	608	0.11	0.66	0.189
JAFFA-Direct	26	73	38	610	0.11	0.66	0.189
JAFFA-Direct	27	71	37	612	0.10	0.66	0.174
JAFFA-Direct	28	67	36	616	0.10	0.65	0.173
JAFFA-Direct	29	64	36	619	0.09	0.64	0.158
JAFFA-Direct	31	62	35	621	0.09	0.64	0.158
JAFFA-Direct	32	59	35	624	0.09	0.63	0.158
JAFFA-Direct	33	56	34	627	0.08	0.62	0.142
JAFFA-Direct	34	55	33	628	0.08	0.62	0.142
JAFFA-Direct	35	54	30	629	0.08	0.64	0.142
JAFFA-Direct	36	52	30	631	0.08	0.63	0.142
JAFFA-Direct	37	49	28	634	0.07	0.64	0.126
JAFFA-Direct	39	45	27	638	0.07	0.62	0.126
JAFFA-Direct	40	42	26	641	0.06	0.62	0.109
JAFFA-Direct	42	39	26	644	0.06	0.6	0.109
JAFFA-Direct	43	37	26	646	0.05	0.59	0.092
JAFFA-Direct	44	36	26	647	0.05	0.58	0.092
JAFFA-Direct	45	34	25	649	0.05	0.58	0.092
JAFFA-Direct	47	33	25	650	0.05	0.57	0.092
JAFFA-Direct	48	31	25	652	0.05	0.55	0.092
JAFFA-Direct	49	30	25	653	0.04	0.55	0.075
JAFFA-Direct	50	30	23	653	0.04	0.57	0.075
JAFFA-Direct	55	29	22	654	0.04	0.57	0.075
JAFFA-Direct	57	29	21	654	0.04	0.58	0.075
JAFFA-Direct	58	26	20	657	0.04	0.57	0.075
JAFFA-Direct	59	25	19	658	0.04	0.57	0.075
JAFFA-Direct	61	23	19	660	0.03	0.55	0.057
JAFFA-Direct	63	22	19	661	0.03	0.54	0.057
JAFFA-Direct	64	20	19	663	0.03	0.51	0.057
JAFFA-Direct	66	20	18	663	0.03	0.53	0.057
JAFFA-Direct	68	20	17	663	0.03	0.54	0.057
JAFFA-Direct	69	20	16	663	0.03	0.56	0.057
JAFFA-Direct	70	19	15	664	0.03	0.56	0.057
JAFFA-Direct	72	18	15	665	0.03	0.55	0.057
JAFFA-Direct	77	17	15	666	0.02	0.53	0.039
JAFFA-Direct	78	16	15	667	0.02	0.52	0.039
JAFFA-Direct	85	16	14	667	0.02	0.53	0.039
JAFFA-Direct	89	16	13	667	0.02	0.55	0.039
JAFFA-Direct	94	15	13	668	0.02	0.54	0.039
JAFFA-Direct	99	14	13	669	0.02	0.52	0.039
JAFFA-Direct	100	13	13	670	0.02	0.5	0.038
JAFFA-Direct	105	12	12	671	0.02	0.5	0.038
JAFFA-Direct	106	11	12	672	0.02	0.48	0.038
JAFFA-Direct	108	10	12	673	0.01	0.45	0.020
JAFFA-Direct	115	10	11	673	0.01	0.48	0.020
JAFFA-Direct	128	9	11	674	0.01	0.45	0.020
JAFFA-Direct	132	8	11	675	0.01	0.42	0.020
JAFFA-Direct	142	8	10	675	0.01	0.44	0.020
JAFFA-Direct	144	8	9	675	0.01	0.47	0.020
JAFFA-Direct	147	7	9	676	0.01	0.44	0.020
JAFFA-Direct	168	7	8	676	0.01	0.47	0.020
JAFFA-Direct	174	6	8	677	0.01	0.43	0.020
JAFFA-Direct	177	6	7	677	0.01	0.46	0.020
JAFFA-Direct	182	6	5	677	0.01	0.55	0.020
JAFFA-Direct	228	6	4	677	0.01	0.6	0.020
JAFFA-Direct	229	5	4	678	0.01	0.56	0.020
JAFFA-Direct	234	5	3	678	0.01	0.62	0.020
JAFFA-Direct	249	5	2	678	0.01	0.71	0.020
JAFFA-Direct	336	5	1	678	0.01	0.83	0.020
JAFFA-Direct	612	4	1	679	0.01	0.8	0.020
JAFFA-Direct	639	3	1	680	0.00	0.75	0.000
JAFFA-Direct	863	2	1	681	0.00	0.67	0.000
JAFFA-Direct	1115	1	1	682	0.00	0.5	0.000
nFuse	5	292	2816	391	0.43	0.09	0.149
nFuse	6	290	2566	393	0.42	0.1	0.162
nFuse	7	270	2304	413	0.40	0.1	0.160
nFuse	8	256	2062	427	0.37	0.11	0.170
nFuse	9	237	1833	446	0.35	0.11	0.167
nFuse	10	222	1658	461	0.33	0.12	0.176
nFuse	11	217	1508	466	0.32	0.13	0.185
nFuse	12	204	1387	479	0.30	0.13	0.181
nFuse	13	193	1268	490	0.28	0.13	0.178
nFuse	14	182	1178	501	0.27	0.13	0.176
nFuse	15	172	1095	511	0.25	0.14	0.179
nFuse	16	165	1034	518	0.24	0.14	0.177
nFuse	17	151	966	532	0.22	0.14	0.171
nFuse	18	146	914	537	0.21	0.14	0.168
nFuse	19	141	867	542	0.21	0.14	0.168
nFuse	20	136	819	547	0.20	0.14	0.165
nFuse	21	131	776	552	0.19	0.14	0.161
nFuse	22	126	745	557	0.18	0.14	0.158
nFuse	23	120	705	563	0.18	0.15	0.164
nFuse	24	113	673	570	0.17	0.14	0.154
nFuse	25	105	646	578	0.15	0.14	0.145
nFuse	26	100	622	583	0.15	0.14	0.145
nFuse	27	95	595	588	0.14	0.14	0.140
nFuse	28	93	570	590	0.14	0.14	0.140
nFuse	29	91	555	592	0.13	0.14	0.135
nFuse	30	90	536	593	0.13	0.14	0.135
nFuse	31	83	517	600	0.12	0.14	0.129
nFuse	32	81	511	602	0.12	0.14	0.129
nFuse	33	81	499	602	0.12	0.14	0.129
nFuse	34	80	487	603	0.12	0.14	0.129
nFuse	35	76	471	607	0.11	0.14	0.123
nFuse	36	74	458	609	0.11	0.14	0.123
nFuse	37	74	443	609	0.11	0.14	0.123
nFuse	38	74	431	609	0.11	0.15	0.127
nFuse	39	74	417	609	0.11	0.15	0.127
nFuse	40	70	406	613	0.10	0.15	0.120
nFuse	41	67	397	616	0.10	0.14	0.117
nFuse	42	64	391	619	0.09	0.14	0.110
nFuse	43	64	384	619	0.09	0.14	0.110
nFuse	44	64	373	619	0.09	0.15	0.113
nFuse	45	62	365	621	0.09	0.15	0.113
nFuse	46	61	360	622	0.09	0.14	0.110
nFuse	47	60	352	623	0.09	0.15	0.113
nFuse	48	56	343	627	0.08	0.14	0.102
nFuse	49	54	335	629	0.08	0.14	0.102
nFuse	50	53	332	630	0.08	0.14	0.102
nFuse	51	52	323	631	0.08	0.14	0.102
nFuse	52	51	318	632	0.07	0.14	0.093
nFuse	53	51	312	632	0.07	0.14	0.093
nFuse	54	49	308	634	0.07	0.14	0.093
nFuse	55	49	305	634	0.07	0.14	0.093
nFuse	56	48	299	635	0.07	0.14	0.093
nFuse	57	47	294	636	0.07	0.14	0.093
nFuse	58	46	291	637	0.07	0.14	0.093
nFuse	59	46	282	637	0.07	0.14	0.093
nFuse	60	46	278	637	0.07	0.14	0.093
nFuse	61	46	270	637	0.07	0.15	0.095
nFuse	62	45	268	638	0.07	0.14	0.093
nFuse	63	45	264	638	0.07	0.15	0.095
nFuse	64	45	257	638	0.07	0.15	0.095
nFuse	65	41	255	642	0.06	0.14	0.084
nFuse	66	40	251	643	0.06	0.14	0.084
nFuse	67	38	245	645	0.06	0.13	0.082
nFuse	68	36	236	647	0.05	0.13	0.072
nFuse	69	35	229	648	0.05	0.13	0.072
nFuse	70	35	224	648	0.05	0.14	0.074
nFuse	71	35	218	648	0.05	0.14	0.074
nFuse	72	35	213	648	0.05	0.14	0.074
nFuse	73	34	209	649	0.05	0.14	0.074
nFuse	74	34	206	649	0.05	0.14	0.074
nFuse	75	34	200	649	0.05	0.15	0.075
nFuse	76	33	194	650	0.05	0.15	0.075
nFuse	77	33	187	650	0.05	0.15	0.075
nFuse	78	32	183	651	0.05	0.15	0.075
nFuse	79	30	182	653	0.04	0.14	0.062
nFuse	80	29	176	654	0.04	0.14	0.062
nFuse	81	29	173	654	0.04	0.14	0.062
nFuse	82	29	169	654	0.04	0.15	0.063
nFuse	84	27	165	656	0.04	0.14	0.062
nFuse	85	24	165	659	0.04	0.13	0.061
nFuse	86	24	164	659	0.04	0.13	0.061
nFuse	87	24	162	659	0.04	0.13	0.061
nFuse	88	23	159	660	0.03	0.13	0.049
nFuse	89	21	156	662	0.03	0.12	0.048
nFuse	90	21	155	662	0.03	0.12	0.048
nFuse	91	21	152	662	0.03	0.12	0.048
nFuse	92	21	151	662	0.03	0.12	0.048
nFuse	93	21	150	662	0.03	0.12	0.048
nFuse	94	20	149	663	0.03	0.12	0.048
nFuse	95	20	148	663	0.03	0.12	0.048
nFuse	96	20	146	663	0.03	0.12	0.048
nFuse	97	20	143	663	0.03	0.12	0.048
nFuse	98	20	142	663	0.03	0.12	0.048
nFuse	99	19	141	664	0.03	0.12	0.048
nFuse	101	18	137	665	0.03	0.12	0.048
nFuse	103	18	135	665	0.03	0.12	0.048
nFuse	104	18	131	665	0.03	0.12	0.048
nFuse	105	18	129	665	0.03	0.12	0.048
nFuse	106	18	125	665	0.03	0.13	0.049
nFuse	107	18	122	665	0.03	0.13	0.049
nFuse	109	18	118	665	0.03	0.13	0.049
nFuse	110	18	116	665	0.03	0.13	0.049
nFuse	111	18	114	665	0.03	0.14	0.049
nFuse	112	18	110	665	0.03	0.14	0.049
nFuse	113	17	109	666	0.02	0.13	0.035
nFuse	114	16	107	667	0.02	0.13	0.035
nFuse	115	16	105	667	0.02	0.13	0.035
nFuse	117	16	104	667	0.02	0.13	0.035
nFuse	119	16	100	667	0.02	0.14	0.035
nFuse	120	16	99	667	0.02	0.14	0.035
nFuse	121	16	98	667	0.02	0.14	0.035
nFuse	122	15	97	668	0.02	0.13	0.035
nFuse	123	15	93	668	0.02	0.14	0.035
nFuse	125	15	90	668	0.02	0.14	0.035
nFuse	127	15	88	668	0.02	0.15	0.035
nFuse	128	15	85	668	0.02	0.15	0.035
nFuse	129	14	85	669	0.02	0.14	0.035
nFuse	130	13	83	670	0.02	0.14	0.035
nFuse	131	13	80	670	0.02	0.14	0.035
nFuse	133	13	77	670	0.02	0.14	0.035
nFuse	134	13	75	670	0.02	0.15	0.035
nFuse	136	13	74	670	0.02	0.15	0.035
nFuse	138	13	73	670	0.02	0.15	0.035
nFuse	140	13	72	670	0.02	0.15	0.035
nFuse	141	13	71	670	0.02	0.15	0.035
nFuse	142	13	69	670	0.02	0.16	0.036
nFuse	143	13	68	670	0.02	0.16	0.036
nFuse	144	13	67	670	0.02	0.16	0.036
nFuse	145	13	65	670	0.02	0.17	0.036
nFuse	146	13	64	670	0.02	0.17	0.036
nFuse	147	13	63	670	0.02	0.17	0.036
nFuse	148	13	62	670	0.02	0.17	0.036
nFuse	149	12	61	671	0.02	0.16	0.036
nFuse	150	12	59	671	0.02	0.17	0.036
nFuse	151	12	58	671	0.02	0.17	0.036
nFuse	152	12	57	671	0.02	0.17	0.036
nFuse	155	12	56	671	0.02	0.18	0.036
nFuse	157	12	54	671	0.02	0.18	0.036
nFuse	158	12	52	671	0.02	0.19	0.036
nFuse	159	12	51	671	0.02	0.19	0.036
nFuse	160	12	50	671	0.02	0.19	0.036
nFuse	161	12	49	671	0.02	0.2	0.036
nFuse	162	12	47	671	0.02	0.2	0.036
nFuse	163	11	46	672	0.02	0.19	0.036
nFuse	164	11	45	672	0.02	0.2	0.036
nFuse	165	11	44	672	0.02	0.2	0.036
nFuse	166	11	42	672	0.02	0.21	0.037
nFuse	167	11	40	672	0.02	0.22	0.037
nFuse	169	11	38	672	0.02	0.22	0.037
nFuse	177	10	37	673	0.01	0.21	0.019
nFuse	178	9	36	674	0.01	0.2	0.019
nFuse	180	8	36	675	0.01	0.18	0.019
nFuse	183	8	35	675	0.01	0.19	0.019
nFuse	185	8	34	675	0.01	0.19	0.019
nFuse	186	8	33	675	0.01	0.2	0.019
nFuse	187	7	33	676	0.01	0.18	0.019
nFuse	191	7	32	676	0.01	0.18	0.019
nFuse	192	7	29	676	0.01	0.19	0.019
nFuse	193	7	28	676	0.01	0.2	0.019
nFuse	199	7	27	676	0.01	0.21	0.019
nFuse	204	7	26	676	0.01	0.21	0.019
nFuse	205	7	25	676	0.01	0.22	0.019
nFuse	206	6	25	677	0.01	0.19	0.019
nFuse	210	6	24	677	0.01	0.2	0.019
nFuse	219	5	24	678	0.01	0.17	0.019
nFuse	220	5	23	678	0.01	0.18	0.019
nFuse	228	5	22	678	0.01	0.19	0.019
nFuse	229	5	21	678	0.01	0.19	0.019
nFuse	230	4	21	679	0.01	0.16	0.019
nFuse	233	4	20	679	0.01	0.17	0.019
nFuse	240	4	19	679	0.01	0.17	0.019
nFuse	245	4	18	679	0.01	0.18	0.019
nFuse	246	4	17	679	0.01	0.19	0.019
nFuse	264	4	16	679	0.01	0.2	0.019
nFuse	269	4	15	679	0.01	0.21	0.019
nFuse	279	4	14	679	0.01	0.22	0.019
nFuse	298	4	13	679	0.01	0.24	0.019
nFuse	333	3	13	680	0.00	0.19	0.000
nFuse	376	3	12	680	0.00	0.2	0.000
nFuse	411	3	11	680	0.00	0.21	0.000
nFuse	412	3	10	680	0.00	0.23	0.000
nFuse	424	3	9	680	0.00	0.25	0.000
nFuse	466	3	8	680	0.00	0.27	0.000
nFuse	585	3	7	680	0.00	0.3	0.000
nFuse	692	2	7	681	0.00	0.22	0.000
nFuse	1098	2	6	681	0.00	0.25	0.000
nFuse	1099	2	5	681	0.00	0.29	0.000
nFuse	1692	2	4	681	0.00	0.33	0.000
nFuse	2281	1	4	682	0.00	0.2	0.000
nFuse	3286	0	4	683	0.00	0	NA
nFuse	3586	0	3	683	0.00	0	NA
nFuse	3635	0	2	683	0.00	0	NA
FusionCatcher	3	332	49	351	0.49	0.87	0.627
FusionCatcher	4	327	48	356	0.48	0.87	0.619
FusionCatcher	5	325	38	358	0.48	0.9	0.626
FusionCatcher	6	309	30	374	0.45	0.91	0.602
FusionCatcher	7	292	27	391	0.43	0.92	0.586
FusionCatcher	8	273	22	410	0.40	0.93	0.559
FusionCatcher	9	250	19	433	0.37	0.93	0.529
FusionCatcher	10	236	17	447	0.35	0.93	0.509
FusionCatcher	11	217	15	466	0.32	0.94	0.477
FusionCatcher	12	206	14	477	0.30	0.94	0.455
FusionCatcher	13	191	11	492	0.28	0.95	0.433
FusionCatcher	14	173	9	510	0.25	0.95	0.396
FusionCatcher	15	166	8	517	0.24	0.95	0.383
FusionCatcher	16	157	7	526	0.23	0.96	0.371
FusionCatcher	17	147	5	536	0.22	0.97	0.359
FusionCatcher	18	138	5	545	0.20	0.97	0.332
FusionCatcher	19	135	4	548	0.20	0.97	0.332
FusionCatcher	20	130	4	553	0.19	0.97	0.318
FusionCatcher	21	124	4	559	0.18	0.97	0.304
FusionCatcher	22	119	3	564	0.17	0.98	0.290
FusionCatcher	23	112	3	571	0.16	0.97	0.275
FusionCatcher	24	106	3	577	0.16	0.97	0.275
FusionCatcher	25	104	3	579	0.15	0.97	0.260
FusionCatcher	26	100	3	583	0.15	0.97	0.260
FusionCatcher	27	96	3	587	0.14	0.97	0.245
FusionCatcher	28	95	3	588	0.14	0.97	0.245
FusionCatcher	29	93	3	590	0.14	0.97	0.245
FusionCatcher	30	89	3	594	0.13	0.97	0.229
FusionCatcher	31	87	2	596	0.13	0.98	0.230
FusionCatcher	32	82	2	601	0.12	0.98	0.214
FusionCatcher	33	80	2	603	0.12	0.98	0.214
FusionCatcher	34	70	2	613	0.10	0.97	0.181
FusionCatcher	35	68	2	615	0.10	0.97	0.181
FusionCatcher	36	65	2	618	0.10	0.97	0.181
FusionCatcher	38	62	2	621	0.09	0.97	0.165
FusionCatcher	40	59	2	624	0.09	0.97	0.165
FusionCatcher	41	55	2	628	0.08	0.96	0.148
FusionCatcher	42	51	1	632	0.07	0.98	0.131
FusionCatcher	44	50	1	633	0.07	0.98	0.131
FusionCatcher	47	49	1	634	0.07	0.98	0.131
FusionCatcher	48	46	1	637	0.07	0.98	0.131
FusionCatcher	49	41	0	642	0.06	1	0.113
FusionCatcher	51	40	0	643	0.06	1	0.113
FusionCatcher	52	38	0	645	0.06	1	0.113
FusionCatcher	54	37	0	646	0.05	1	0.095
FusionCatcher	56	35	0	648	0.05	1	0.095
FusionCatcher	57	34	0	649	0.05	1	0.095
FusionCatcher	58	33	0	650	0.05	1	0.095
FusionCatcher	60	31	0	652	0.05	1	0.095
FusionCatcher	61	30	0	653	0.04	1	0.077
FusionCatcher	64	28	0	655	0.04	1	0.077
FusionCatcher	67	27	0	656	0.04	1	0.077
FusionCatcher	70	24	0	659	0.04	1	0.077
FusionCatcher	71	23	0	660	0.03	1	0.058
FusionCatcher	74	22	0	661	0.03	1	0.058
FusionCatcher	75	21	0	662	0.03	1	0.058
FusionCatcher	85	20	0	663	0.03	1	0.058
FusionCatcher	86	19	0	664	0.03	1	0.058
FusionCatcher	92	18	0	665	0.03	1	0.058
FusionCatcher	93	17	0	666	0.02	1	0.039
FusionCatcher	94	16	0	667	0.02	1	0.039
FusionCatcher	95	15	0	668	0.02	1	0.039
FusionCatcher	113	14	0	669	0.02	1	0.039
FusionCatcher	121	13	0	670	0.02	1	0.039
FusionCatcher	144	12	0	671	0.02	1	0.039
FusionCatcher	164	11	0	672	0.02	1	0.039
FusionCatcher	183	10	0	673	0.01	1	0.020
FusionCatcher	184	9	0	674	0.01	1	0.020
FusionCatcher	225	8	0	675	0.01	1	0.020
FusionCatcher	259	7	0	676	0.01	1	0.020
FusionCatcher	264	6	0	677	0.01	1	0.020
FusionCatcher	517	5	0	678	0.01	1	0.020
FusionCatcher	1045	4	0	679	0.01	1	0.020
FusionCatcher	1255	3	0	680	0.00	1	0.000
FusionCatcher	1404	2	0	681	0.00	1	0.000
TopHat-Fusion	1	514	9954	169	0.75	0.05	0.094
TopHat-Fusion	2	513	9733	170	0.75	0.05	0.094
TopHat-Fusion	3	486	859	197	0.71	0.36	0.478
TopHat-Fusion	4	444	583	239	0.65	0.43	0.518
TopHat-Fusion	5	401	385	282	0.59	0.51	0.547
TopHat-Fusion	6	373	328	310	0.55	0.53	0.540
TopHat-Fusion	7	336	280	347	0.49	0.55	0.518
TopHat-Fusion	8	307	249	376	0.45	0.55	0.495
TopHat-Fusion	9	280	221	403	0.41	0.56	0.473
TopHat-Fusion	10	267	203	416	0.39	0.57	0.463
TopHat-Fusion	11	258	188	425	0.38	0.58	0.459
TopHat-Fusion	12	245	173	438	0.36	0.59	0.447
TopHat-Fusion	13	228	164	455	0.33	0.58	0.421
TopHat-Fusion	14	217	150	466	0.32	0.59	0.415
TopHat-Fusion	15	208	140	475	0.30	0.6	0.400
TopHat-Fusion	16	197	130	486	0.29	0.6	0.391
TopHat-Fusion	17	181	128	502	0.27	0.59	0.370
TopHat-Fusion	18	169	124	514	0.25	0.58	0.349
TopHat-Fusion	19	165	117	518	0.24	0.59	0.341
TopHat-Fusion	20	156	113	527	0.23	0.58	0.329
TopHat-Fusion	21	150	104	533	0.22	0.59	0.320
TopHat-Fusion	22	144	101	539	0.21	0.59	0.310
TopHat-Fusion	23	139	99	544	0.20	0.58	0.297
TopHat-Fusion	24	134	97	549	0.20	0.58	0.297
TopHat-Fusion	25	130	95	553	0.19	0.58	0.286
TopHat-Fusion	26	125	95	558	0.18	0.57	0.274
TopHat-Fusion	27	123	93	560	0.18	0.57	0.274
TopHat-Fusion	28	119	93	564	0.17	0.56	0.261
TopHat-Fusion	29	117	92	566	0.17	0.56	0.261
TopHat-Fusion	30	113	90	570	0.17	0.56	0.261
TopHat-Fusion	31	110	90	573	0.16	0.55	0.248
TopHat-Fusion	32	109	90	574	0.16	0.55	0.248
TopHat-Fusion	33	106	87	577	0.16	0.55	0.248
TopHat-Fusion	34	105	87	578	0.15	0.55	0.236
TopHat-Fusion	35	103	86	580	0.15	0.54	0.235
TopHat-Fusion	36	99	85	584	0.14	0.54	0.222
TopHat-Fusion	37	93	84	590	0.14	0.53	0.221
TopHat-Fusion	38	93	83	590	0.14	0.53	0.221
TopHat-Fusion	39	89	82	594	0.13	0.52	0.208
TopHat-Fusion	40	87	82	596	0.13	0.51	0.207
TopHat-Fusion	41	85	82	598	0.12	0.51	0.194
TopHat-Fusion	42	84	81	599	0.12	0.51	0.194
TopHat-Fusion	43	83	78	600	0.12	0.52	0.195
TopHat-Fusion	44	81	78	602	0.12	0.51	0.194
TopHat-Fusion	45	79	78	604	0.12	0.5	0.194
TopHat-Fusion	46	78	78	605	0.11	0.5	0.180
TopHat-Fusion	47	76	78	607	0.11	0.49	0.180
TopHat-Fusion	48	72	78	611	0.11	0.48	0.179
TopHat-Fusion	49	71	76	612	0.10	0.48	0.166
TopHat-Fusion	50	67	76	616	0.10	0.47	0.165
TopHat-Fusion	51	66	75	617	0.10	0.47	0.165
TopHat-Fusion	52	64	75	619	0.09	0.46	0.151
TopHat-Fusion	53	62	75	621	0.09	0.45	0.150
TopHat-Fusion	54	62	74	621	0.09	0.46	0.151
TopHat-Fusion	55	60	74	623	0.09	0.45	0.150
TopHat-Fusion	57	59	74	624	0.09	0.44	0.149
TopHat-Fusion	58	55	73	628	0.08	0.43	0.135
TopHat-Fusion	59	54	73	629	0.08	0.43	0.135
TopHat-Fusion	61	52	73	631	0.08	0.42	0.134
TopHat-Fusion	62	51	73	632	0.07	0.41	0.120
TopHat-Fusion	63	49	73	634	0.07	0.4	0.119
TopHat-Fusion	64	48	73	635	0.07	0.4	0.119
TopHat-Fusion	66	48	72	635	0.07	0.4	0.119
TopHat-Fusion	67	47	72	636	0.07	0.39	0.119
TopHat-Fusion	68	46	72	637	0.07	0.39	0.119
TopHat-Fusion	69	45	72	638	0.07	0.38	0.118
TopHat-Fusion	70	44	72	639	0.06	0.38	0.104
TopHat-Fusion	71	44	71	639	0.06	0.38	0.104
TopHat-Fusion	74	43	71	640	0.06	0.38	0.104
TopHat-Fusion	75	41	71	642	0.06	0.37	0.103
TopHat-Fusion	76	40	71	643	0.06	0.36	0.103
TopHat-Fusion	77	40	70	643	0.06	0.36	0.103
TopHat-Fusion	78	39	70	644	0.06	0.36	0.103
TopHat-Fusion	80	38	70	645	0.06	0.35	0.102
TopHat-Fusion	81	37	70	646	0.05	0.35	0.087
TopHat-Fusion	82	37	69	646	0.05	0.35	0.087
TopHat-Fusion	83	36	69	647	0.05	0.34	0.087
TopHat-Fusion	84	35	69	648	0.05	0.34	0.087
TopHat-Fusion	87	34	69	649	0.05	0.33	0.087
TopHat-Fusion	89	33	69	650	0.05	0.32	0.086
TopHat-Fusion	91	32	69	651	0.05	0.32	0.086
TopHat-Fusion	92	30	68	653	0.04	0.31	0.071
TopHat-Fusion	94	29	67	654	0.04	0.3	0.071
TopHat-Fusion	95	29	66	654	0.04	0.31	0.071
TopHat-Fusion	97	28	65	655	0.04	0.3	0.071
TopHat-Fusion	98	26	65	657	0.04	0.29	0.070
TopHat-Fusion	99	26	64	657	0.04	0.29	0.070
TopHat-Fusion	100	25	64	658	0.04	0.28	0.070
TopHat-Fusion	104	24	64	659	0.04	0.27	0.070
TopHat-Fusion	108	24	63	659	0.04	0.28	0.070
TopHat-Fusion	110	21	63	662	0.03	0.25	0.054
TopHat-Fusion	115	20	63	663	0.03	0.24	0.053
TopHat-Fusion	126	19	63	664	0.03	0.23	0.053
TopHat-Fusion	132	18	63	665	0.03	0.22	0.053
TopHat-Fusion	143	18	62	665	0.03	0.22	0.053
TopHat-Fusion	146	18	61	665	0.03	0.23	0.053
TopHat-Fusion	154	17	61	666	0.02	0.22	0.037
TopHat-Fusion	159	17	60	666	0.02	0.22	0.037
TopHat-Fusion	162	16	60	667	0.02	0.21	0.037
TopHat-Fusion	163	15	60	668	0.02	0.2	0.036
TopHat-Fusion	164	14	60	669	0.02	0.19	0.036
TopHat-Fusion	172	14	59	669	0.02	0.19	0.036
TopHat-Fusion	175	13	59	670	0.02	0.18	0.036
TopHat-Fusion	176	12	59	671	0.02	0.17	0.036
TopHat-Fusion	190	11	59	672	0.02	0.16	0.036
TopHat-Fusion	204	10	59	673	0.01	0.14	0.019
TopHat-Fusion	214	9	59	674	0.01	0.13	0.019
TopHat-Fusion	216	8	59	675	0.01	0.12	0.018
TopHat-Fusion	327	7	59	676	0.01	0.11	0.018
TopHat-Fusion	329	6	59	677	0.01	0.09	0.018
TopHat-Fusion	359	6	58	677	0.01	0.09	0.018
TopHat-Fusion	556	5	58	678	0.01	0.08	0.018
TopHat-Fusion	620	5	57	678	0.01	0.08	0.018
TopHat-Fusion	1001	4	57	679	0.01	0.07	0.018
TopHat-Fusion	1005	4	56	679	0.01	0.07	0.018
TopHat-Fusion	1199	4	55	679	0.01	0.07	0.018
TopHat-Fusion	1286	4	54	679	0.01	0.07	0.018
TopHat-Fusion	1322	3	54	680	0.00	0.05	0.000
TopHat-Fusion	1638	3	53	680	0.00	0.05	0.000
TopHat-Fusion	1721	3	52	680	0.00	0.05	0.000
TopHat-Fusion	1734	3	51	680	0.00	0.0600000000000001	0.000
TopHat-Fusion	1737	2	51	681	0.00	0.04	0.000
TopHat-Fusion	1786	2	50	681	0.00	0.04	0.000
TopHat-Fusion	1863	2	49	681	0.00	0.04	0.000
TopHat-Fusion	2012	2	48	681	0.00	0.04	0.000
TopHat-Fusion	2071	1	48	682	0.00	0.02	0.000
TopHat-Fusion	2099	1	47	682	0.00	0.02	0.000
TopHat-Fusion	2224	1	46	682	0.00	0.02	0.000
TopHat-Fusion	2272	1	45	682	0.00	0.02	0.000
TopHat-Fusion	2318	1	44	682	0.00	0.02	0.000
TopHat-Fusion	2397	1	43	682	0.00	0.02	0.000
TopHat-Fusion	2401	1	42	682	0.00	0.02	0.000
TopHat-Fusion	2471	1	41	682	0.00	0.02	0.000
TopHat-Fusion	2608	1	40	682	0.00	0.02	0.000
TopHat-Fusion	2626	1	39	682	0.00	0.03	0.000
TopHat-Fusion	2698	1	38	682	0.00	0.03	0.000
TopHat-Fusion	2747	1	37	682	0.00	0.03	0.000
TopHat-Fusion	2871	1	36	682	0.00	0.03	0.000
TopHat-Fusion	2944	1	35	682	0.00	0.03	0.000
TopHat-Fusion	2987	1	34	682	0.00	0.03	0.000
TopHat-Fusion	3011	1	33	682	0.00	0.03	0.000
TopHat-Fusion	3088	1	32	682	0.00	0.03	0.000
TopHat-Fusion	3103	1	31	682	0.00	0.03	0.000
TopHat-Fusion	3181	1	30	682	0.00	0.03	0.000
TopHat-Fusion	3273	1	29	682	0.00	0.03	0.000
TopHat-Fusion	3307	1	28	682	0.00	0.03	0.000
TopHat-Fusion	3367	1	27	682	0.00	0.04	0.000
TopHat-Fusion	3617	1	26	682	0.00	0.04	0.000
TopHat-Fusion	3657	1	25	682	0.00	0.04	0.000
TopHat-Fusion	3669	1	24	682	0.00	0.04	0.000
TopHat-Fusion	3686	1	23	682	0.00	0.04	0.000
TopHat-Fusion	3725	1	22	682	0.00	0.04	0.000
TopHat-Fusion	3736	1	21	682	0.00	0.05	0.000
TopHat-Fusion	3748	1	20	682	0.00	0.05	0.000
TopHat-Fusion	3778	1	19	682	0.00	0.05	0.000
TopHat-Fusion	3866	1	18	682	0.00	0.05	0.000
TopHat-Fusion	3876	1	17	682	0.00	0.0600000000000001	0.000
TopHat-Fusion	4108	1	16	682	0.00	0.0600000000000001	0.000
TopHat-Fusion	4208	1	15	682	0.00	0.0600000000000001	0.000
TopHat-Fusion	4276	1	14	682	0.00	0.07	0.000
TopHat-Fusion	4353	1	13	682	0.00	0.07	0.000
TopHat-Fusion	4608	1	12	682	0.00	0.08	0.000
TopHat-Fusion	4935	1	11	682	0.00	0.08	0.000
TopHat-Fusion	4952	1	10	682	0.00	0.09	0.000
TopHat-Fusion	5030	1	9	682	0.00	0.1	0.000
TopHat-Fusion	5243	1	8	682	0.00	0.11	0.000
TopHat-Fusion	5418	1	7	682	0.00	0.12	0.000
TopHat-Fusion	5739	1	6	682	0.00	0.14	0.000
TopHat-Fusion	5936	1	5	682	0.00	0.17	0.000
TopHat-Fusion	6059	1	4	682	0.00	0.2	0.000
TopHat-Fusion	6363	1	3	682	0.00	0.25	0.000
TopHat-Fusion	7117	1	2	682	0.00	0.33	0.000
TopHat-Fusion	7695	1	1	682	0.00	0.5	0.000
ChimPipe	3	361	12	322	0.53	0.97	0.685
ChimPipe	4	342	9	341	0.50	0.97	0.660
ChimPipe	5	307	8	376	0.45	0.97	0.615
ChimPipe	6	284	8	399	0.42	0.97	0.586
ChimPipe	7	263	6	420	0.39	0.98	0.558
ChimPipe	8	246	6	437	0.36	0.98	0.527
ChimPipe	9	231	5	452	0.34	0.98	0.505
ChimPipe	10	218	5	465	0.32	0.98	0.482
ChimPipe	11	204	4	479	0.30	0.98	0.459
ChimPipe	12	191	4	492	0.28	0.98	0.436
ChimPipe	13	185	3	498	0.27	0.98	0.423
ChimPipe	14	172	3	511	0.25	0.98	0.398
ChimPipe	15	162	3	521	0.24	0.98	0.386
ChimPipe	16	147	3	536	0.22	0.98	0.359
ChimPipe	17	138	3	545	0.20	0.98	0.332
ChimPipe	18	133	2	550	0.19	0.99	0.319
ChimPipe	19	121	2	562	0.18	0.98	0.304
ChimPipe	20	119	2	564	0.17	0.98	0.290
ChimPipe	21	113	2	570	0.17	0.98	0.290
ChimPipe	22	108	2	575	0.16	0.98	0.275
ChimPipe	23	104	2	579	0.15	0.98	0.260
ChimPipe	24	103	2	580	0.15	0.98	0.260
ChimPipe	25	96	2	587	0.14	0.98	0.245
ChimPipe	26	93	2	590	0.14	0.98	0.245
ChimPipe	28	92	2	591	0.13	0.98	0.230
ChimPipe	29	90	2	593	0.13	0.98	0.230
ChimPipe	30	88	2	595	0.13	0.98	0.230
ChimPipe	33	86	2	597	0.13	0.98	0.230
ChimPipe	34	85	2	598	0.12	0.98	0.214
ChimPipe	35	81	2	602	0.12	0.98	0.214
ChimPipe	36	79	2	604	0.12	0.98	0.214
ChimPipe	37	76	2	607	0.11	0.97	0.198
ChimPipe	38	70	2	613	0.10	0.97	0.181
ChimPipe	39	67	2	616	0.10	0.97	0.181
ChimPipe	40	65	2	618	0.10	0.97	0.181
ChimPipe	41	63	2	620	0.09	0.97	0.165
ChimPipe	42	60	2	623	0.09	0.97	0.165
ChimPipe	43	56	1	627	0.08	0.98	0.148
ChimPipe	44	55	1	628	0.08	0.98	0.148
ChimPipe	45	53	1	630	0.08	0.98	0.148
ChimPipe	46	52	1	631	0.08	0.98	0.148
ChimPipe	47	49	1	634	0.07	0.98	0.131
ChimPipe	49	48	1	635	0.07	0.98	0.131
ChimPipe	50	46	1	637	0.07	0.98	0.131
ChimPipe	51	45	1	638	0.07	0.98	0.131
ChimPipe	53	44	1	639	0.06	0.98	0.113
ChimPipe	54	41	1	642	0.06	0.98	0.113
ChimPipe	55	40	1	643	0.06	0.98	0.113
ChimPipe	60	39	1	644	0.06	0.97	0.113
ChimPipe	62	38	1	645	0.06	0.97	0.113
ChimPipe	63	36	1	647	0.05	0.97	0.095
ChimPipe	64	35	1	648	0.05	0.97	0.095
ChimPipe	66	34	1	649	0.05	0.97	0.095
ChimPipe	68	33	1	650	0.05	0.97	0.095
ChimPipe	69	32	1	651	0.05	0.97	0.095
ChimPipe	70	31	1	652	0.05	0.97	0.095
ChimPipe	72	30	1	653	0.04	0.97	0.077
ChimPipe	76	29	1	654	0.04	0.97	0.077
ChimPipe	82	28	1	655	0.04	0.97	0.077
ChimPipe	83	27	1	656	0.04	0.96	0.077
ChimPipe	85	26	1	657	0.04	0.96	0.077
ChimPipe	88	25	1	658	0.04	0.96	0.077
ChimPipe	91	24	1	659	0.04	0.96	0.077
ChimPipe	92	23	1	660	0.03	0.96	0.058
ChimPipe	95	22	1	661	0.03	0.96	0.058
ChimPipe	97	20	1	663	0.03	0.95	0.058
ChimPipe	98	19	0	664	0.03	1	0.058
ChimPipe	101	18	0	665	0.03	1	0.058
ChimPipe	105	17	0	666	0.02	1	0.039
ChimPipe	117	16	0	667	0.02	1	0.039
ChimPipe	118	15	0	668	0.02	1	0.039
ChimPipe	119	14	0	669	0.02	1	0.039
ChimPipe	122	13	0	670	0.02	1	0.039
ChimPipe	125	12	0	671	0.02	1	0.039
ChimPipe	131	11	0	672	0.02	1	0.039
ChimPipe	155	10	0	673	0.01	1	0.020
ChimPipe	160	8	0	675	0.01	1	0.020
ChimPipe	214	7	0	676	0.01	1	0.020
ChimPipe	231	6	0	677	0.01	1	0.020
ChimPipe	480	5	0	678	0.01	1	0.020
ChimPipe	577	4	0	679	0.01	1	0.020
ChimPipe	1211	3	0	680	0.00	1	0.000
ChimPipe	1743	2	0	681	0.00	1	0.000
